trade_date,pit_candidate_count,qfq_symbols,raw_symbols,execution_symbol_count,feature_symbol_count,prev,next,prev_symbols,next_symbols,bracket_symbols,hole_both,missing_ratio,missing_samples,qfq_only,raw_only,filtered_no_execution_bar,filtered_ratio,filtered_with_feature_bar,gap_10sess,gap_max_run,gap_runs,gap_boards
2024-11-01,,278,5325,,,None,2024-11-04,0,279,0,0,,,0,5047,,,,2,1,2,"{""SZ-MAIN"": 1, ""SH-STAR"": 1}"
2024-11-04,,279,5326,,,2024-11-01,2024-11-05,278,279,278,0,0.000000,,0,5047,,,,2,1,2,"{""SZ-MAIN"": 1, ""SZ-GEM"": 1}"
2024-11-05,,279,5329,,,2024-11-04,2024-11-06,279,280,279,0,0.000000,,0,5050,,,,6,1,6,"{""SH-MAIN"": 3, ""SZ-GEM"": 2, ""SZ-MAIN"": 1}"
2024-11-06,,280,5330,,,2024-11-05,2024-11-07,279,280,279,0,0.000000,,0,5050,,,,5,1,5,"{""SH-MAIN"": 3, ""SZ-GEM"": 2}"
2024-11-07,,280,5330,,,2024-11-06,2024-11-08,280,280,280,0,0.000000,,0,5050,,,,6,1,6,"{""SH-MAIN"": 3, ""SZ-GEM"": 2, ""SH-STAR"": 1}"
2024-11-08,,280,5332,,,2024-11-07,2024-11-11,280,277,277,0,0.000000,,0,5052,,,,8,1,8,"{""SH-MAIN"": 3, ""SZ-MAIN"": 2, ""SZ-GEM"": 2, ""SH-STAR"": 1}"
2024-11-11,,277,5328,,,2024-11-08,2024-11-12,280,277,277,0,0.000000,,0,5051,,,,12,1,12,"{""SH-MAIN"": 4, ""SZ-MAIN"": 4, ""SZ-GEM"": 3, ""SH-STAR"": 1}"
2024-11-12,,277,5329,,,2024-11-11,2024-11-13,277,277,277,0,0.000000,,0,5052,,,,14,1,14,"{""SH-MAIN"": 5, ""SZ-MAIN"": 4, ""SZ-GEM"": 4, ""SH-STAR"": 1}"
2024-11-13,,277,5329,,,2024-11-12,2024-11-14,277,277,277,0,0.000000,,0,5052,,,,16,1,16,"{""SH-MAIN"": 6, ""SZ-MAIN"": 4, ""SZ-GEM"": 4, ""SH-STAR"": 2}"
2024-11-14,,277,5330,,,2024-11-13,2024-11-15,277,277,277,0,0.000000,,0,5053,,,,16,1,16,"{""SH-MAIN"": 6, ""SZ-MAIN"": 4, ""SZ-GEM"": 4, ""SH-STAR"": 2}"
2024-11-15,0,277,5332,5332,277,2024-11-14,2024-11-18,277,276,275,0,0.000000,,0,5055,0,0.0,0,20,1,20,"{""SH-MAIN"": 8, ""SZ-MAIN"": 5, ""SZ-GEM"": 4, ""SH-STAR"": 3}"
2024-11-18,0,276,5329,5329,276,2024-11-15,2024-11-19,277,280,275,0,0.000000,,0,5053,0,0.0,0,48,1,48,"{""SH-MAIN"": 24, ""SZ-MAIN"": 9, ""SZ-GEM"": 9, ""SH-STAR"": 6}"
2024-11-19,0,280,5332,5332,280,2024-11-18,2024-11-20,276,281,276,0,0.000000,,0,5052,0,0.0,0,169,2,163,"{""SH-MAIN"": 51, ""SZ-GEM"": 45, ""SZ-MAIN"": 38, ""SH-STAR"": 35}"
2024-11-20,0,281,5335,5335,281,2024-11-19,2024-11-21,280,282,280,0,0.000000,,0,5054,0,0.0,0,187,2,180,"{""SH-MAIN"": 52, ""SZ-GEM"": 52, ""SZ-MAIN"": 45, ""SH-STAR"": 38}"
2024-11-21,0,282,5335,5335,282,2024-11-20,2024-11-22,281,285,281,0,0.000000,,0,5053,0,0.0,0,198,2,191,"{""SH-MAIN"": 61, ""SZ-GEM"": 53, ""SZ-MAIN"": 47, ""SH-STAR"": 37}"
2024-11-22,0,285,5337,5337,285,2024-11-21,2024-11-25,282,286,282,0,0.000000,,0,5052,0,0.0,0,209,2,203,"{""SH-MAIN"": 65, ""SZ-GEM"": 56, ""SZ-MAIN"": 50, ""SH-STAR"": 38}"
2024-11-25,0,286,5336,5336,286,2024-11-22,2024-11-26,285,287,284,0,0.000000,,0,5050,0,0.0,0,239,2,228,"{""SH-MAIN"": 79, ""SZ-GEM"": 68, ""SZ-MAIN"": 54, ""SH-STAR"": 38}"
2024-11-26,0,287,5337,5337,287,2024-11-25,2024-11-27,286,289,285,0,0.000000,,0,5050,0,0.0,0,321,3,304,"{""SZ-GEM"": 96, ""SH-MAIN"": 92, ""SZ-MAIN"": 89, ""SH-STAR"": 43}"
2024-11-27,0,289,5336,5336,289,2024-11-26,2024-11-28,287,289,287,0,0.000000,,0,5047,0,0.0,0,350,3,331,"{""SZ-GEM"": 105, ""SH-MAIN"": 104, ""SZ-MAIN"": 97, ""SH-STAR"": 43}"
2024-11-28,0,289,5334,5334,289,2024-11-27,2024-11-29,289,293,289,0,0.000000,,0,5045,0,0.0,0,387,3,362,"{""SZ-GEM"": 116, ""SH-MAIN"": 113, ""SZ-MAIN"": 108, ""SH-STAR"": 49}"
2024-11-29,0,293,5340,5340,293,2024-11-28,2024-12-02,289,320,289,0,0.000000,,0,5047,0,0.0,0,498,3,455,"{""SH-MAIN"": 153, ""SZ-GEM"": 147, ""SZ-MAIN"": 140, ""SH-STAR"": 57}"
2024-12-02,0,320,5338,5338,320,2024-11-29,2024-12-03,293,445,293,0,0.000000,,0,5018,0,0.0,0,1425,45,708,"{""SH-MAIN"": 626, ""SZ-GEM"": 399, ""SZ-MAIN"": 224, ""SH-STAR"": 162}"
2024-12-03,0,445,5338,5338,445,2024-12-02,2024-12-04,320,464,320,0,0.000000,,0,4893,0,0.0,0,4906,78,1173,"{""SH-MAIN"": 1608, ""SZ-MAIN"": 1429, ""SZ-GEM"": 1306, ""SH-STAR"": 544}"
2024-12-04,0,464,5338,5338,464,2024-12-03,2024-12-05,445,476,445,0,0.000000,,0,4874,0,0.0,0,4888,78,1186,"{""SH-MAIN"": 1606, ""SZ-MAIN"": 1422, ""SZ-GEM"": 1299, ""SH-STAR"": 541}"
2024-12-05,0,476,5342,5342,476,2024-12-04,2024-12-06,464,488,462,0,0.000000,,0,4866,0,0.0,0,4876,78,1188,"{""SH-MAIN"": 1597, ""SZ-MAIN"": 1420, ""SZ-GEM"": 1298, ""SH-STAR"": 541}"
2024-12-06,0,488,5340,5340,488,2024-12-05,2024-12-09,476,520,473,0,0.000000,,0,4852,0,0.0,0,4866,74,1197,"{""SH-MAIN"": 1592, ""SZ-MAIN"": 1416, ""SZ-GEM"": 1297, ""SH-STAR"": 541}"
2024-12-09,0,520,5338,5338,520,2024-12-06,2024-12-10,488,605,487,1,0.002053,300165,0,4818,0,0.0,0,4834,39,1209,"{""SH-MAIN"": 1578, ""SZ-MAIN"": 1410, ""SZ-GEM"": 1285, ""SH-STAR"": 541}"
2024-12-10,0,605,5341,5341,605,2024-12-09,2024-12-11,520,636,520,0,0.000000,,0,4736,0,0.0,0,4750,39,1264,"{""SH-MAIN"": 1565, ""SZ-MAIN"": 1375, ""SZ-GEM"": 1255, ""SH-STAR"": 536}"
2024-12-11,0,636,5342,5342,636,2024-12-10,2024-12-12,605,672,604,0,0.000000,,0,4706,0,0.0,0,4719,34,1276,"{""SH-MAIN"": 1552, ""SZ-MAIN"": 1367, ""SZ-GEM"": 1246, ""SH-STAR"": 535}"
2024-12-12,0,672,5343,5343,672,2024-12-11,2024-12-13,636,786,635,0,0.000000,,0,4671,0,0.0,0,4684,32,1301,"{""SH-MAIN"": 1544, ""SZ-MAIN"": 1356, ""SZ-GEM"": 1235, ""SH-STAR"": 529}"
2024-12-13,0,786,5343,5343,786,2024-12-12,2024-12-16,672,1741,672,1,0.001488,600715,0,4557,0,0.0,0,4570,29,1348,"{""SH-MAIN"": 1503, ""SZ-MAIN"": 1323, ""SZ-GEM"": 1204, ""SH-STAR"": 520}"
2024-12-16,0,1741,5347,5347,1741,2024-12-13,2024-12-17,786,5344,783,0,0.000000,,0,3606,0,0.0,0,3616,29,1203,"{""SZ-MAIN"": 1236, ""SH-MAIN"": 1015, ""SZ-GEM"": 946, ""SH-STAR"": 412}"
2024-12-17,0,5344,5344,5344,5344,2024-12-16,2024-12-18,1741,5346,1738,1,0.000575,000525,0,0,0,0.0,0,13,1,13,"{""SH-MAIN"": 5, ""SZ-MAIN"": 3, ""SZ-GEM"": 2, ""BJ92"": 2}"
2024-12-18,0,5346,5346,5346,5346,2024-12-17,2024-12-19,5344,5345,5342,0,0.000000,,0,0,0,0.0,0,12,1,12,"{""SH-MAIN"": 6, ""BJ92"": 2, ""SZ-GEM"": 2, ""SZ-MAIN"": 2}"
2024-12-19,0,5345,5345,5345,5345,2024-12-18,2024-12-20,5346,5349,5346,1,0.000187,300209,0,0,0,0.0,0,15,1,15,"{""SH-MAIN"": 7, ""SZ-GEM"": 4, ""BJ92"": 2, ""SZ-MAIN"": 2}"
2024-12-20,0,5349,5349,5349,5349,2024-12-19,2024-12-23,5345,5347,5342,0,0.000000,,0,0,0,0.0,0,11,1,11,"{""SH-MAIN"": 7, ""BJ92"": 2, ""SZ-GEM"": 1, ""SZ-MAIN"": 1}"
2024-12-23,0,5347,5347,5347,5347,2024-12-20,2024-12-24,5349,5347,5345,0,0.000000,,0,0,0,0.0,0,13,1,13,"{""SH-MAIN"": 6, ""SZ-MAIN"": 3, ""BJ92"": 2, ""SZ-GEM"": 1}"
2024-12-24,0,5347,5347,5347,5347,2024-12-23,2024-12-25,5347,5344,5343,0,0.000000,,0,0,0,0.0,0,13,1,13,"{""SH-MAIN"": 6, ""SZ-MAIN"": 3, ""BJ92"": 2, ""SZ-GEM"": 1}"
2024-12-25,0,5344,5344,5344,5344,2024-12-24,2024-12-26,5347,5349,5347,3,0.000561,"600375,603007,603559",0,0,0,0.0,0,17,1,17,"{""SH-MAIN"": 9, ""SZ-MAIN"": 4, ""BJ92"": 2, ""SZ-GEM"": 1}"
2024-12-26,0,5349,5349,5349,5349,2024-12-25,2024-12-27,5344,5347,5342,0,0.000000,,0,0,0,0.0,0,14,1,14,"{""SH-MAIN"": 5, ""SZ-MAIN"": 4, ""SH-STAR"": 2, ""SZ-GEM"": 2}"
2024-12-27,0,5347,5347,5347,5347,2024-12-26,2024-12-30,5349,5344,5343,1,0.000187,002310,0,0,0,0.0,0,16,2,15,"{""SZ-MAIN"": 6, ""SH-MAIN"": 5, ""SH-STAR"": 2, ""SZ-GEM"": 2}"
2024-12-30,0,5344,5344,5344,5344,2024-12-27,2024-12-31,5347,5347,5343,1,0.000187,002217,0,0,0,0.0,0,21,1,21,"{""SZ-MAIN"": 9, ""SH-MAIN"": 6, ""SZ-GEM"": 3, ""SH-STAR"": 2}"
2024-12-31,0,5347,5347,5347,5347,2024-12-30,2025-01-02,5344,5346,5341,0,0.000000,,0,0,0,0.0,0,20,1,20,"{""SZ-MAIN"": 8, ""SZ-GEM"": 4, ""SH-MAIN"": 4, ""SH-STAR"": 3}"
2025-01-02,0,5346,5346,5346,5346,2024-12-31,2025-01-03,5347,5349,5345,1,0.000187,002647,0,0,0,0.0,0,21,1,21,"{""SZ-MAIN"": 10, ""SH-STAR"": 4, ""SZ-GEM"": 4, ""SH-MAIN"": 3}"
2025-01-03,0,5349,5349,5349,5349,2025-01-02,2025-01-06,5346,5349,5345,0,0.000000,,0,0,0,0.0,0,18,1,18,"{""SZ-MAIN"": 9, ""SH-STAR"": 4, ""SZ-GEM"": 3, ""SH-MAIN"": 2}"
2025-01-06,0,5349,5349,5349,5349,2025-01-03,2025-01-07,5349,5351,5346,0,0.000000,,0,0,0,0.0,0,18,1,18,"{""SZ-MAIN"": 9, ""SH-STAR"": 3, ""SZ-GEM"": 3, ""SH-MAIN"": 3}"
2025-01-07,0,5351,5351,5351,5351,2025-01-06,2025-01-08,5349,5351,5346,0,0.000000,,0,0,0,0.0,0,16,1,16,"{""SZ-MAIN"": 8, ""SH-MAIN"": 4, ""SH-STAR"": 2, ""SZ-GEM"": 2}"
2025-01-08,0,5351,5351,5351,5351,2025-01-07,2025-01-09,5351,5352,5350,0,0.000000,,0,0,0,0.0,0,18,2,17,"{""SZ-MAIN"": 8, ""SH-STAR"": 4, ""SZ-GEM"": 3, ""SH-MAIN"": 3}"
2025-01-09,0,5352,5352,5352,5352,2025-01-08,2025-01-10,5351,5353,5350,0,0.000000,,0,0,0,0.0,0,18,2,17,"{""SZ-MAIN"": 8, ""SH-STAR"": 4, ""SZ-GEM"": 3, ""SH-MAIN"": 3}"
2025-01-10,0,5353,5353,5353,5353,2025-01-09,2025-01-13,5352,5353,5349,0,0.000000,,0,0,0,0.0,0,17,2,16,"{""SZ-MAIN"": 9, ""SH-STAR"": 3, ""SH-MAIN"": 3, ""SZ-GEM"": 2}"
2025-01-13,0,5353,5353,5353,5353,2025-01-10,2025-01-14,5353,5356,5349,1,0.000187,603007,0,0,0,0.0,0,19,2,18,"{""SZ-MAIN"": 9, ""SH-MAIN"": 4, ""SH-STAR"": 4, ""SZ-GEM"": 2}"
2025-01-14,0,5356,5356,5356,5356,2025-01-13,2025-01-15,5353,5358,5349,0,0.000000,,0,0,0,0.0,0,16,2,15,"{""SZ-MAIN"": 6, ""SH-STAR"": 5, ""SZ-GEM"": 3, ""SH-MAIN"": 2}"
2025-01-15,0,5358,5358,5358,5358,2025-01-14,2025-01-16,5356,5358,5353,0,0.000000,,0,0,0,0.0,0,15,1,15,"{""SZ-MAIN"": 6, ""SH-STAR"": 4, ""SZ-GEM"": 3, ""BJ92"": 1}"
2025-01-16,0,5358,5358,5358,5358,2025-01-15,2025-01-17,5358,5358,5355,0,0.000000,,0,0,0,0.0,0,15,1,15,"{""SZ-MAIN"": 5, ""SH-STAR"": 5, ""SZ-GEM"": 3, ""SH-MAIN"": 1}"
2025-01-17,0,5358,5358,5358,5358,2025-01-16,2025-01-20,5358,5357,5356,0,0.000000,,0,0,0,0.0,0,15,1,15,"{""SH-STAR"": 6, ""SZ-MAIN"": 4, ""SZ-GEM"": 3, ""SH-MAIN"": 1}"
2025-01-20,0,5357,5357,5357,5357,2025-01-17,2025-01-21,5358,5359,5357,0,0.000000,,0,0,0,0.0,0,16,1,16,"{""SH-STAR"": 6, ""SZ-MAIN"": 4, ""SZ-GEM"": 3, ""SH-MAIN"": 2}"
2025-01-21,0,5359,5359,5359,5359,2025-01-20,2025-01-22,5357,5363,5357,0,0.000000,,0,0,0,0.0,0,14,1,14,"{""SH-STAR"": 6, ""SZ-MAIN"": 3, ""SZ-GEM"": 2, ""SH-MAIN"": 2}"
2025-01-22,0,5363,5363,5363,5363,2025-01-21,2025-01-23,5359,5364,5358,0,0.000000,,0,0,0,0.0,0,10,1,10,"{""SH-STAR"": 4, ""SZ-MAIN"": 3, ""SH-MAIN"": 1, ""SZ-GEM"": 1}"
2025-01-23,0,5364,5364,5364,5364,2025-01-22,2025-01-24,5363,5361,5359,1,0.000187,688656,0,0,0,0.0,0,9,1,9,"{""SH-STAR"": 5, ""SZ-MAIN"": 2, ""SZ-GEM"": 1, ""BJ92"": 1}"
2025-01-24,0,5361,5361,5361,5361,2025-01-23,2025-01-27,5364,5362,5359,0,0.000000,,0,0,0,0.0,0,12,1,12,"{""SH-STAR"": 6, ""SZ-GEM"": 3, ""SZ-MAIN"": 2, ""BJ92"": 1}"
2025-01-27,0,5362,5362,5362,5362,2025-01-24,2025-02-05,5361,5364,5360,0,0.000000,,0,0,0,0.0,0,11,1,11,"{""SH-STAR"": 5, ""SZ-GEM"": 4, ""SZ-MAIN"": 1, ""BJ92"": 1}"
2025-02-05,0,5364,5364,5364,5364,2025-01-27,2025-02-06,5362,5366,5361,0,0.000000,,0,0,0,0.0,0,9,1,9,"{""SH-STAR"": 4, ""SZ-GEM"": 4, ""BJ92"": 1}"
2025-02-06,0,5366,5366,5366,5366,2025-02-05,2025-02-07,5364,5366,5363,0,0.000000,,0,0,0,0.0,0,7,1,7,"{""SH-STAR"": 3, ""SZ-GEM"": 3, ""SH-MAIN"": 1}"
2025-02-07,0,5366,5366,5366,5366,2025-02-06,2025-02-10,5366,5368,5365,0,0.000000,,0,0,0,0.0,0,7,1,7,"{""SH-STAR"": 3, ""SZ-GEM"": 3, ""SH-MAIN"": 1}"
2025-02-10,0,5368,5368,5368,5368,2025-02-07,2025-02-11,5366,5367,5363,0,0.000000,,0,0,0,0.0,0,5,1,5,"{""SZ-GEM"": 3, ""SH-STAR"": 1, ""SZ-MAIN"": 1}"
2025-02-11,0,5367,5367,5367,5367,2025-02-10,2025-02-12,5368,5367,5366,0,0.000000,,0,0,0,0.0,0,6,1,6,"{""SH-STAR"": 2, ""SZ-GEM"": 2, ""SH-MAIN"": 1, ""SZ-MAIN"": 1}"
2025-02-12,0,5367,5367,5367,5367,2025-02-11,2025-02-13,5367,5368,5367,0,0.000000,,0,0,0,0.0,0,6,1,6,"{""SH-STAR"": 2, ""SZ-GEM"": 2, ""SH-MAIN"": 1, ""SZ-MAIN"": 1}"
2025-02-13,0,5368,5368,5368,5368,2025-02-12,2025-02-14,5367,5367,5366,0,0.000000,,0,0,0,0.0,0,5,1,5,"{""SZ-GEM"": 2, ""SH-MAIN"": 1, ""SH-STAR"": 1, ""SZ-MAIN"": 1}"
2025-02-14,274,5367,5367,5367,5367,2025-02-13,2025-02-17,5368,5371,5367,1,0.000186,600530,0,0,0,0.0,0,6,1,6,"{""SH-MAIN"": 2, ""SZ-GEM"": 2, ""SH-STAR"": 1, ""SZ-MAIN"": 1}"
2025-02-17,274,5371,5371,5371,5371,2025-02-14,2025-02-18,5367,5370,5365,0,0.000000,,0,0,0,0.0,0,3,1,3,"{""SH-MAIN"": 2, ""SZ-GEM"": 1}"
2025-02-18,275,5370,5370,5370,5370,2025-02-17,2025-02-19,5371,5370,5370,0,0.000000,,0,0,0,0.0,0,6,1,6,"{""SH-MAIN"": 4, ""SZ-GEM"": 2}"
2025-02-19,278,5370,5370,5370,5370,2025-02-18,2025-02-20,5370,5369,5369,0,0.000000,,0,0,0,0.0,0,6,1,6,"{""SH-MAIN"": 4, ""SZ-GEM"": 2}"
2025-02-20,279,5369,5369,5369,5369,2025-02-19,2025-02-21,5370,5371,5369,1,0.000186,000488,0,0,0,0.0,0,7,1,7,"{""SH-MAIN"": 4, ""SZ-GEM"": 2, ""SZ-MAIN"": 1}"
2025-02-21,279,5371,5371,5371,5371,2025-02-20,2025-02-24,5369,5368,5365,0,0.000000,,0,0,0,0.0,0,5,1,5,"{""SH-MAIN"": 3, ""SZ-GEM"": 2}"
2025-02-24,281,5368,5368,5368,5368,2025-02-21,2025-02-25,5371,5366,5366,0,0.000000,,0,0,0,0.0,0,8,1,8,"{""SH-MAIN"": 4, ""SZ-GEM"": 3, ""SH-STAR"": 1}"
2025-02-25,282,5366,5366,5366,5366,2025-02-24,2025-02-26,5368,5367,5366,0,0.000000,,0,0,0,0.0,0,12,1,12,"{""SH-MAIN"": 6, ""SZ-GEM"": 4, ""SZ-MAIN"": 1, ""SH-STAR"": 1}"
2025-02-26,282,5367,5367,5367,5367,2025-02-25,2025-02-27,5366,5365,5364,0,0.000000,,0,0,0,0.0,0,11,1,11,"{""SH-MAIN"": 6, ""SZ-GEM"": 3, ""SZ-MAIN"": 1, ""SH-STAR"": 1}"
2025-02-27,284,5365,5365,5365,5365,2025-02-26,2025-02-28,5367,5366,5365,0,0.000000,,0,0,0,0.0,0,13,1,13,"{""SH-MAIN"": 6, ""SH-STAR"": 3, ""SZ-GEM"": 3, ""SZ-MAIN"": 1}"
2025-02-28,285,5366,5366,5366,5366,2025-02-27,2025-03-03,5365,5364,5362,0,0.000000,,0,0,0,0.0,0,12,1,12,"{""SH-MAIN"": 5, ""SH-STAR"": 3, ""SZ-GEM"": 3, ""SZ-MAIN"": 1}"
2025-03-03,288,5364,5364,5364,5364,2025-02-28,2025-03-04,5366,5366,5362,0,0.000000,,0,0,0,0.0,0,14,1,14,"{""SH-MAIN"": 5, ""SH-STAR"": 4, ""SZ-GEM"": 3, ""SZ-MAIN"": 2}"
2025-03-04,309,5366,5366,5366,5366,2025-03-03,2025-03-05,5364,5365,5362,0,0.000000,,0,0,0,0.0,0,13,1,13,"{""SH-STAR"": 5, ""SH-MAIN"": 4, ""SZ-GEM"": 3, ""SZ-MAIN"": 1}"
2025-03-05,411,5365,5365,5365,5365,2025-03-04,2025-03-06,5366,5363,5363,0,0.000000,,0,0,0,0.0,0,15,1,15,"{""SH-STAR"": 5, ""SZ-GEM"": 5, ""SH-MAIN"": 4, ""SZ-MAIN"": 1}"
2025-03-06,430,5363,5363,5363,5363,2025-03-05,2025-03-07,5365,5363,5362,0,0.000000,,0,0,0,0.0,0,18,1,18,"{""SH-STAR"": 6, ""SZ-GEM"": 6, ""SH-MAIN"": 5, ""SZ-MAIN"": 1}"
2025-03-07,439,5363,5363,5363,5363,2025-03-06,2025-03-10,5363,5363,5360,1,0.000187,002656,0,0,0,0.0,0,19,1,19,"{""SH-STAR"": 6, ""SZ-GEM"": 6, ""SH-MAIN"": 4, ""SZ-MAIN"": 3}"
2025-03-10,452,5363,5363,5363,5363,2025-03-07,2025-03-11,5363,5366,5359,0,0.000000,,0,0,2,0.004425,0,20,2,19,"{""SZ-GEM"": 8, ""SH-STAR"": 6, ""SH-MAIN"": 4, ""SZ-MAIN"": 2}"
2025-03-11,486,5366,5366,5366,5366,2025-03-10,2025-03-12,5363,5365,5361,0,0.000000,,0,0,2,0.004115,0,18,1,18,"{""SZ-GEM"": 7, ""SH-STAR"": 6, ""SZ-MAIN"": 3, ""SH-MAIN"": 2}"
2025-03-12,562,5365,5365,5365,5365,2025-03-11,2025-03-13,5366,5367,5364,1,0.000186,002647,0,0,2,0.003559,0,19,1,19,"{""SZ-GEM"": 7, ""SH-STAR"": 6, ""SZ-MAIN"": 4, ""SH-MAIN"": 2}"
2025-03-13,590,5367,5367,5367,5367,2025-03-12,2025-03-14,5365,5367,5363,1,0.000186,300268,0,0,3,0.005085,0,19,1,19,"{""SZ-GEM"": 10, ""SH-STAR"": 4, ""SZ-MAIN"": 3, ""SH-MAIN"": 2}"
2025-03-14,621,5367,5367,5367,5367,2025-03-13,2025-03-17,5367,5363,5358,0,0.000000,,0,0,4,0.006441,0,20,1,20,"{""SZ-GEM"": 10, ""SH-STAR"": 4, ""SZ-MAIN"": 3, ""SH-MAIN"": 2}"
2025-03-17,732,5363,5363,5363,5363,2025-03-14,2025-03-18,5367,5369,5362,3,0.000559,"000793,300052,600358",0,0,11,0.015027,0,24,1,24,"{""SZ-GEM"": 12, ""SH-STAR"": 4, ""SH-MAIN"": 4, ""SZ-MAIN"": 3}"
2025-03-18,1704,5369,5369,5369,5369,2025-03-17,2025-03-19,5363,5367,5359,0,0.000000,,0,0,9,0.005282,0,18,1,18,"{""SZ-GEM"": 10, ""SH-STAR"": 3, ""SH-MAIN"": 3, ""SZ-MAIN"": 1}"
2025-03-19,5351,5367,5367,5367,5367,2025-03-18,2025-03-20,5369,5369,5366,1,0.000186,300159,0,0,13,0.002429,0,21,1,21,"{""SZ-GEM"": 10, ""SH-MAIN"": 5, ""SH-STAR"": 3, ""SZ-MAIN"": 2}"
2025-03-20,5352,5369,5369,5369,5369,2025-03-19,2025-03-21,5367,5370,5366,0,0.000000,,0,0,12,0.002242,0,19,1,19,"{""SZ-GEM"": 9, ""SH-MAIN"": 4, ""SH-STAR"": 3, ""SZ-MAIN"": 2}"
2025-03-21,5352,5370,5370,5370,5370,2025-03-20,2025-03-24,5369,5370,5364,1,0.000186,002700,0,0,12,0.002242,0,18,1,18,"{""SZ-GEM"": 9, ""SH-STAR"": 3, ""SH-MAIN"": 3, ""SZ-MAIN"": 2}"
2025-03-24,5354,5370,5370,5370,5370,2025-03-21,2025-03-25,5370,5373,5367,3,0.000559,"300147,300175,300343",0,0,13,0.002428,0,19,1,19,"{""SZ-GEM"": 10, ""SH-MAIN"": 5, ""SZ-MAIN"": 2, ""SH-STAR"": 1}"
2025-03-25,5354,5373,5373,5373,5373,2025-03-24,2025-03-26,5370,5374,5370,1,0.000186,002199,0,0,11,0.002055,0,17,1,17,"{""SZ-GEM"": 7, ""SH-MAIN"": 6, ""SZ-MAIN"": 3, ""BJ92"": 1}"
2025-03-26,5355,5374,5374,5374,5374,2025-03-25,2025-03-27,5373,5376,5371,0,0.000000,,0,0,10,0.001867,0,16,1,16,"{""SZ-GEM"": 7, ""SH-MAIN"": 6, ""SZ-MAIN"": 2, ""BJ92"": 1}"
2025-03-27,5355,5376,5376,5376,5376,2025-03-26,2025-03-28,5374,5376,5370,0,0.000000,,0,0,10,0.001867,0,15,1,15,"{""SH-MAIN"": 6, ""SZ-GEM"": 5, ""SZ-MAIN"": 2, ""SH-STAR"": 1}"
2025-03-28,5356,5376,5376,5376,5376,2025-03-27,2025-03-31,5376,5377,5371,0,0.000000,,0,0,11,0.002054,0,15,1,15,"{""SH-MAIN"": 6, ""SZ-GEM"": 4, ""SZ-MAIN"": 3, ""SH-STAR"": 2}"
2025-03-31,5356,5377,5377,5377,5377,2025-03-28,2025-04-01,5376,5378,5373,1,0.000186,000972,0,0,10,0.001867,0,14,1,14,"{""SH-MAIN"": 6, ""SZ-MAIN"": 4, ""SH-STAR"": 2, ""SZ-GEM"": 2}"
2025-04-01,5356,5378,5378,5378,5378,2025-03-31,2025-04-02,5377,5380,5375,0,0.000000,,0,0,8,0.001494,0,14,1,14,"{""SH-MAIN"": 7, ""SZ-MAIN"": 3, ""SH-STAR"": 2, ""SZ-GEM"": 2}"
2025-04-02,5356,5380,5380,5380,5380,2025-04-01,2025-04-03,5378,5380,5377,0,0.000000,,0,0,7,0.001307,0,13,1,13,"{""SH-MAIN"": 7, ""SZ-MAIN"": 2, ""SH-STAR"": 2, ""SZ-GEM"": 2}"
2025-04-03,5357,5380,5380,5380,5380,2025-04-02,2025-04-07,5380,5378,5378,0,0.000000,,0,0,7,0.001307,0,13,1,13,"{""SH-MAIN"": 7, ""SZ-MAIN"": 2, ""SH-STAR"": 2, ""SZ-GEM"": 2}"
2025-04-07,5358,5378,5378,5378,5378,2025-04-03,2025-04-08,5380,5379,5376,1,0.000186,688739,0,0,9,0.00168,0,15,1,15,"{""SH-MAIN"": 7, ""SH-STAR"": 3, ""SZ-GEM"": 3, ""SZ-MAIN"": 2}"
2025-04-08,5358,5379,5379,5379,5379,2025-04-07,2025-04-09,5378,5382,5375,0,0.000000,,0,0,9,0.00168,0,14,1,14,"{""SZ-GEM"": 5, ""SH-MAIN"": 5, ""SZ-MAIN"": 2, ""SH-STAR"": 2}"
2025-04-09,5358,5382,5382,5382,5382,2025-04-08,2025-04-10,5379,5382,5378,0,0.000000,,0,0,7,0.001306,0,11,1,11,"{""SZ-GEM"": 5, ""SZ-MAIN"": 2, ""SH-STAR"": 2, ""SH-MAIN"": 2}"
2025-04-10,5359,5382,5382,5382,5382,2025-04-09,2025-04-11,5382,5382,5380,0,0.000000,,0,0,7,0.001306,0,13,1,13,"{""SZ-GEM"": 6, ""SZ-MAIN"": 3, ""SH-MAIN"": 3, ""SH-STAR"": 1}"
2025-04-11,5360,5382,5382,5382,5382,2025-04-10,2025-04-14,5382,5381,5379,0,0.000000,,0,0,8,0.001493,0,14,1,14,"{""SZ-GEM"": 7, ""SZ-MAIN"": 3, ""SH-MAIN"": 3, ""SH-STAR"": 1}"
2025-04-14,5361,5381,5381,5381,5381,2025-04-11,2025-04-15,5382,5380,5377,1,0.000186,002564,0,0,9,0.001679,0,15,1,15,"{""SZ-GEM"": 8, ""SZ-MAIN"": 4, ""SH-MAIN"": 3}"
2025-04-15,5361,5380,5380,5380,5380,2025-04-14,2025-04-16,5381,5384,5379,3,0.000558,"000736,002306,600191",0,0,11,0.002052,0,16,1,16,"{""SZ-GEM"": 9, ""SZ-MAIN"": 4, ""SH-MAIN"": 3}"
2025-04-16,5361,5384,5384,5384,5384,2025-04-15,2025-04-17,5380,5384,5378,1,0.000186,000430,0,0,8,0.001492,0,12,1,12,"{""SZ-GEM"": 9, ""SZ-MAIN"": 2, ""SH-MAIN"": 1}"
2025-04-17,5365,5384,5384,5384,5384,2025-04-16,2025-04-18,5384,5383,5380,2,0.000372,"002200,600375",0,0,9,0.001678,0,12,1,12,"{""SZ-GEM"": 8, ""SH-MAIN"": 2, ""SZ-MAIN"": 2}"
2025-04-18,5365,5383,5383,5383,5383,2025-04-17,2025-04-21,5384,5383,5379,3,0.000558,"000697,002251,600303",0,0,10,0.001864,0,13,1,13,"{""SZ-GEM"": 7, ""SZ-MAIN"": 3, ""SH-MAIN"": 3}"
2025-04-21,5366,5383,5383,5383,5383,2025-04-18,2025-04-22,5383,5381,5375,3,0.000558,"000608,300029,300391",0,0,10,0.001864,0,13,1,13,"{""SZ-GEM"": 8, ""SZ-MAIN"": 3, ""SH-MAIN"": 2}"
2025-04-22,5366,5381,5381,5381,5381,2025-04-21,2025-04-23,5383,5383,5378,5,0.000930,"002496,003032,600243,600696,603021",0,0,12,0.002236,0,15,1,15,"{""SZ-MAIN"": 6, ""SH-MAIN"": 5, ""SZ-GEM"": 4}"
2025-04-23,5366,5383,5383,5383,5383,2025-04-22,2025-04-24,5381,5384,5376,3,0.000558,"001270,002762,300561",0,0,10,0.001864,0,13,1,13,"{""SZ-MAIN"": 6, ""SZ-GEM"": 5, ""SH-MAIN"": 2}"
2025-04-24,5368,5384,5384,5384,5384,2025-04-23,2025-04-25,5383,5384,5375,5,0.000930,"000809,002211,002808,300044,300125",0,0,11,0.002049,0,13,1,13,"{""SZ-MAIN"": 6, ""SZ-GEM"": 5, ""BJ92"": 1, ""SH-MAIN"": 1}"
2025-04-25,5369,5384,5384,5384,5384,2025-04-24,2025-04-28,5384,5378,5367,6,0.001118,"002047,002569,002789,002848,002898,600228",0,0,12,0.002235,0,13,1,13,"{""SZ-MAIN"": 7, ""SZ-GEM"": 3, ""SH-STAR"": 1, ""BJ92"": 1}"
2025-04-28,5369,5378,5378,5378,5378,2025-04-25,2025-04-29,5384,5352,5343,14,0.002620,"000595,002076,002214,002253,002529,002656,002742,600355",0,0,18,0.003353,0,19,1,19,"{""SZ-MAIN"": 8, ""SH-MAIN"": 7, ""SZ-GEM"": 2, ""SH-STAR"": 1}"
2025-04-29,5371,5352,5352,5352,5352,2025-04-28,2025-04-30,5378,5357,5342,41,0.007675,"000004,000504,000518,000615,000638,000668,000691,000820",0,0,44,0.008192,0,47,1,47,"{""SZ-MAIN"": 22, ""SZ-GEM"": 12, ""SH-MAIN"": 9, ""SH-STAR"": 3}"
2025-04-30,5371,5357,5357,5357,5357,2025-04-29,2025-05-06,5352,5384,5343,34,0.006363,"002124,002289,002490,003004,300013,300211,300326,300379",0,0,39,0.007261,0,44,2,43,"{""SH-MAIN"": 19, ""SZ-GEM"": 10, ""SH-STAR"": 6, ""SZ-MAIN"": 6}"
2025-05-06,5338,5384,5384,5384,5384,2025-04-30,2025-05-07,5357,5386,5350,1,0.000187,000989,0,0,12,0.002248,0,17,1,17,"{""SZ-GEM"": 7, ""SZ-MAIN"": 5, ""SH-STAR"": 2, ""SH-MAIN"": 2}"
2025-05-07,5338,5386,5386,5386,5386,2025-05-06,2025-05-08,5384,5387,5383,0,0.000000,,0,0,10,0.001873,0,15,1,15,"{""SZ-GEM"": 6, ""SZ-MAIN"": 4, ""SH-STAR"": 2, ""SH-MAIN"": 2}"
2025-05-08,5341,5387,5387,5387,5387,2025-05-07,2025-05-09,5386,5387,5386,0,0.000000,,0,0,9,0.001685,0,14,1,14,"{""SZ-GEM"": 6, ""SZ-MAIN"": 3, ""SH-STAR"": 2, ""SH-MAIN"": 2}"
2025-05-09,5372,5387,5387,5387,5387,2025-05-08,2025-05-12,5387,5387,5386,0,0.000000,,0,0,9,0.001675,0,14,1,14,"{""SZ-GEM"": 6, ""SZ-MAIN"": 3, ""SH-STAR"": 2, ""SH-MAIN"": 2}"
2025-05-12,5338,5387,5387,5387,5387,2025-05-09,2025-05-13,5387,5389,5386,1,0.000186,300209,0,0,8,0.001499,0,14,1,14,"{""SZ-GEM"": 6, ""SZ-MAIN"": 3, ""SH-STAR"": 2, ""SH-MAIN"": 2}"
2025-05-13,5338,5389,5389,5389,5389,2025-05-12,2025-05-14,5387,5389,5386,0,0.000000,,0,0,8,0.001499,0,12,1,12,"{""SZ-GEM"": 5, ""SZ-MAIN"": 4, ""SH-MAIN"": 2, ""SH-STAR"": 1}"
2025-05-14,5338,5389,5389,5389,5389,2025-05-13,2025-05-15,5389,5388,5388,0,0.000000,,0,0,8,0.001499,0,12,1,12,"{""SZ-GEM"": 5, ""SZ-MAIN"": 4, ""SH-MAIN"": 2, ""SH-STAR"": 1}"
2025-05-15,5344,5388,5388,5388,5388,2025-05-14,2025-05-16,5389,5389,5387,0,0.000000,,0,0,9,0.001684,0,14,1,14,"{""SZ-MAIN"": 5, ""SZ-GEM"": 5, ""SH-MAIN"": 3, ""SH-STAR"": 1}"
2025-05-16,5372,5389,5389,5389,5389,2025-05-15,2025-05-19,5388,5386,5380,0,0.000000,,0,0,10,0.001862,0,13,1,13,"{""SZ-MAIN"": 6, ""SZ-GEM"": 4, ""SH-MAIN"": 3}"
2025-05-19,5372,5386,5386,5386,5386,2025-05-16,2025-05-20,5389,5392,5386,6,0.001114,"002092,002259,300506,600234,600671,603363",0,0,15,0.002792,0,16,1,16,"{""SZ-MAIN"": 7, ""SH-MAIN"": 5, ""SZ-GEM"": 4}"
2025-05-20,5372,5392,5392,5392,5392,2025-05-19,2025-05-21,5386,5388,5380,0,0.000000,,0,0,9,0.001675,0,7,1,7,"{""SZ-MAIN"": 4, ""SZ-GEM"": 2, ""SH-MAIN"": 1}"
2025-05-21,5372,5388,5388,5388,5388,2025-05-20,2025-05-22,5392,5385,5385,1,0.000186,002748,0,0,13,0.00242,0,13,1,13,"{""SZ-MAIN"": 6, ""SZ-GEM"": 4, ""SH-MAIN"": 3}"
2025-05-22,5372,5385,5385,5385,5385,2025-05-21,2025-05-23,5388,5387,5385,2,0.000371,"002951,300536",0,0,16,0.002978,0,16,1,16,"{""SZ-GEM"": 7, ""SZ-MAIN"": 6, ""SH-MAIN"": 3}"
2025-05-23,5372,5387,5387,5387,5387,2025-05-22,2025-05-26,5385,5384,5379,1,0.000186,300368,0,0,14,0.002606,0,14,1,14,"{""SZ-GEM"": 6, ""SZ-MAIN"": 5, ""SH-MAIN"": 3}"
2025-05-26,5369,5384,5384,5384,5384,2025-05-23,2025-05-27,5387,5384,5381,1,0.000186,300020,0,0,14,0.002608,0,18,1,18,"{""SZ-GEM"": 7, ""SZ-MAIN"": 4, ""SH-MAIN"": 4, ""SH-STAR"": 1}"
2025-05-27,5369,5384,5384,5384,5384,2025-05-26,2025-05-28,5384,5382,5380,0,0.000000,,0,0,14,0.002608,0,19,1,19,"{""SZ-GEM"": 6, ""SZ-MAIN"": 5, ""SH-MAIN"": 4, ""SH-STAR"": 2}"
2025-05-28,5369,5382,5382,5382,5382,2025-05-27,2025-05-29,5384,5385,5382,1,0.000186,002310,0,0,16,0.00298,0,22,1,22,"{""SZ-MAIN"": 7, ""SZ-GEM"": 6, ""SH-MAIN"": 5, ""SH-STAR"": 2}"
2025-05-29,5370,5385,5385,5385,5385,2025-05-28,2025-05-30,5382,5384,5380,0,0.000000,,0,0,14,0.002607,0,19,1,19,"{""SZ-GEM"": 6, ""SZ-MAIN"": 5, ""SH-MAIN"": 4, ""SH-STAR"": 2}"
2025-05-30,5372,5384,5384,5384,5384,2025-05-29,2025-06-03,5385,5380,5379,2,0.000372,"300163,300600",0,0,15,0.002792,0,20,1,20,"{""SZ-GEM"": 8, ""SH-MAIN"": 4, ""SZ-MAIN"": 4, ""SH-STAR"": 2}"
2025-06-03,5372,5380,5380,5380,5380,2025-05-30,2025-06-04,5384,5386,5380,4,0.000743,"000889,002309,603023,603226",0,0,19,0.003537,0,24,1,24,"{""SH-MAIN"": 7, ""SZ-MAIN"": 7, ""SZ-GEM"": 6, ""SH-STAR"": 2}"
2025-06-04,5372,5386,5386,5386,5386,2025-06-03,2025-06-05,5380,5388,5376,1,0.000186,000506,0,0,13,0.00242,0,18,1,18,"{""SZ-MAIN"": 5, ""SH-MAIN"": 5, ""SZ-GEM"": 4, ""SH-STAR"": 2}"
2025-06-05,5372,5388,5388,5388,5388,2025-06-04,2025-06-06,5386,5390,5382,0,0.000000,,0,0,13,0.00242,0,16,1,16,"{""SZ-MAIN"": 5, ""SH-MAIN"": 4, ""SZ-GEM"": 3, ""SH-STAR"": 2}"
2025-06-06,5372,5390,5390,5390,5390,2025-06-05,2025-06-09,5388,5386,5383,0,0.000000,,0,0,11,0.002048,0,16,1,16,"{""SZ-MAIN"": 5, ""SH-MAIN"": 5, ""SZ-GEM"": 2, ""SH-STAR"": 2}"
2025-06-09,5374,5386,5386,5386,5386,2025-06-06,2025-06-10,5390,5392,5384,2,0.000371,"300327,300338",0,0,15,0.002791,0,20,1,20,"{""SH-MAIN"": 6, ""SZ-MAIN"": 5, ""SZ-GEM"": 5, ""SH-STAR"": 2}"
2025-06-10,5374,5392,5392,5392,5392,2025-06-09,2025-06-11,5386,5395,5383,1,0.000186,000609,0,0,10,0.001861,0,14,1,14,"{""SH-MAIN"": 7, ""SZ-GEM"": 3, ""SZ-MAIN"": 3, ""SH-STAR"": 1}"
2025-06-11,5374,5395,5395,5395,5395,2025-06-10,2025-06-12,5392,5395,5390,0,0.000000,,0,0,8,0.001489,0,11,1,11,"{""SH-MAIN"": 7, ""SZ-GEM"": 3, ""SZ-MAIN"": 1}"
2025-06-12,5374,5395,5395,5395,5395,2025-06-11,2025-06-13,5395,5394,5391,1,0.000185,000525,0,0,9,0.001675,0,12,1,12,"{""SH-MAIN"": 7, ""SZ-GEM"": 3, ""BJ92"": 1, ""SZ-MAIN"": 1}"
2025-06-13,5374,5394,5394,5394,5394,2025-06-12,2025-06-16,5395,5395,5391,2,0.000371,"000908,002721",0,0,10,0.001861,0,13,1,13,"{""SH-MAIN"": 6, ""SZ-GEM"": 4, ""SZ-MAIN"": 2, ""BJ92"": 1}"
2025-06-16,5375,5395,5395,5395,5395,2025-06-13,2025-06-17,5394,5401,5394,3,0.000556,"002052,300167,839680",0,0,9,0.001674,0,12,1,12,"{""SH-MAIN"": 5, ""SZ-GEM"": 4, ""BJ-old"": 1, ""SZ-MAIN"": 1}"
2025-06-17,5376,5401,5401,5401,5401,2025-06-16,2025-06-18,5395,5401,5395,0,0.000000,,0,0,3,0.000558,0,7,1,7,"{""SZ-GEM"": 3, ""SH-MAIN"": 2, ""SZ-MAIN"": 1, ""BJ92"": 1}"
2025-06-18,5377,5401,5401,5401,5401,2025-06-17,2025-06-19,5401,5400,5400,0,0.000000,,0,0,3,0.000558,0,7,1,7,"{""SZ-GEM"": 3, ""SH-MAIN"": 2, ""SZ-MAIN"": 1, ""BJ92"": 1}"
2025-06-19,5378,5400,5400,5400,5400,2025-06-18,2025-06-20,5401,5401,5398,0,0.000000,,0,0,4,0.000744,0,9,1,9,"{""SZ-GEM"": 4, ""SH-MAIN"": 3, ""SZ-MAIN"": 1, ""BJ92"": 1}"
2025-06-20,5379,5401,5401,5401,5401,2025-06-19,2025-06-23,5400,5396,5393,0,0.000000,,0,0,5,0.00093,0,8,1,8,"{""SZ-GEM"": 3, ""SH-MAIN"": 3, ""SZ-MAIN"": 1, ""BJ92"": 1}"
2025-06-23,5380,5396,5396,5396,5396,2025-06-20,2025-06-24,5401,5399,5397,2,0.000371,"002217,300311",0,0,10,0.001859,0,14,1,14,"{""SZ-GEM"": 7, ""SH-MAIN"": 4, ""SZ-MAIN"": 2, ""BJ92"": 1}"
2025-06-24,5380,5399,5399,5399,5399,2025-06-23,2025-06-25,5396,5399,5395,0,0.000000,,0,0,7,0.001301,0,14,1,14,"{""SZ-GEM"": 5, ""SH-MAIN"": 4, ""SZ-MAIN"": 3, ""BJ92"": 1}"
2025-06-25,5382,5399,5399,5399,5399,2025-06-24,2025-06-26,5399,5402,5399,0,0.000000,,0,0,7,0.001301,0,14,1,14,"{""SZ-GEM"": 5, ""SH-MAIN"": 4, ""SZ-MAIN"": 3, ""BJ92"": 1}"
2025-06-26,5383,5402,5402,5402,5402,2025-06-25,2025-06-27,5399,5398,5394,0,0.000000,,0,0,5,0.000929,0,12,1,12,"{""SZ-GEM"": 5, ""SZ-MAIN"": 3, ""SH-MAIN"": 3, ""SH-STAR"": 1}"
2025-06-27,5383,5398,5398,5398,5398,2025-06-26,2025-06-30,5402,5396,5395,2,0.000371,"002141,002424",0,0,9,0.001672,0,16,1,16,"{""SZ-MAIN"": 5, ""SH-MAIN"": 5, ""SZ-GEM"": 4, ""BJ-old"": 1}"
2025-06-30,5383,5396,5396,5396,5396,2025-06-27,2025-07-01,5398,5397,5393,0,0.000000,,0,0,11,0.002043,0,18,1,18,"{""SZ-GEM"": 6, ""SH-MAIN"": 6, ""SZ-MAIN"": 3, ""SH-STAR"": 2}"
2025-07-01,5384,5397,5397,5397,5397,2025-06-30,2025-07-02,5396,5396,5393,0,0.000000,,0,0,11,0.002043,0,17,1,17,"{""SZ-GEM"": 6, ""SH-MAIN"": 6, ""SZ-MAIN"": 2, ""SH-STAR"": 2}"
2025-07-02,5384,5396,5396,5396,5396,2025-07-01,2025-07-03,5397,5396,5394,0,0.000000,,0,0,12,0.002229,0,19,1,19,"{""SH-MAIN"": 7, ""SZ-GEM"": 6, ""SH-STAR"": 3, ""SZ-MAIN"": 2}"
2025-07-03,5384,5396,5396,5396,5396,2025-07-02,2025-07-04,5396,5399,5395,1,0.000185,603559,0,0,13,0.002415,0,19,1,19,"{""SH-MAIN"": 8, ""SZ-GEM"": 5, ""SH-STAR"": 3, ""SZ-MAIN"": 2}"
2025-07-04,5385,5399,5399,5399,5399,2025-07-03,2025-07-07,5396,5398,5392,0,0.000000,,0,0,10,0.001857,0,15,1,15,"{""SH-MAIN"": 5, ""SZ-GEM"": 5, ""SH-STAR"": 3, ""SZ-MAIN"": 2}"
2025-07-07,5385,5398,5398,5398,5398,2025-07-04,2025-07-08,5399,5398,5392,2,0.000371,"002581,300462",0,0,12,0.002228,0,16,1,16,"{""SH-MAIN"": 4, ""SZ-GEM"": 4, ""SZ-MAIN"": 3, ""SH-STAR"": 3}"
2025-07-08,5385,5398,5398,5398,5398,2025-07-07,2025-07-09,5398,5401,5395,3,0.000556,"000070,002309,600289",0,0,15,0.002786,0,16,1,16,"{""SH-MAIN"": 5, ""SZ-MAIN"": 4, ""SZ-GEM"": 3, ""BJ-old"": 2}"
2025-07-09,5385,5401,5401,5401,5401,2025-07-08,2025-07-10,5398,5401,5395,1,0.000185,000903,0,0,11,0.002043,0,15,1,15,"{""SH-MAIN"": 5, ""SZ-GEM"": 4, ""SZ-MAIN"": 3, ""BJ-old"": 2}"
2025-07-10,5385,5401,5401,5401,5401,2025-07-09,2025-07-11,5401,5405,5399,2,0.000370,"300301,603389",0,0,11,0.002043,0,15,1,15,"{""SH-MAIN"": 6, ""SZ-GEM"": 5, ""BJ-old"": 2, ""SH-STAR"": 1}"
2025-07-11,5387,5405,5405,5405,5405,2025-07-10,2025-07-14,5401,5404,5396,0,0.000000,,0,0,8,0.001485,0,11,1,11,"{""SH-MAIN"": 4, ""SZ-GEM"": 4, ""BJ-old"": 2, ""SZ-MAIN"": 1}"
2025-07-14,5387,5404,5404,5404,5404,2025-07-11,2025-07-15,5405,5405,5400,1,0.000185,603959,0,0,9,0.001671,0,12,1,12,"{""SZ-GEM"": 6, ""SH-MAIN"": 5, ""SZ-MAIN"": 1}"
2025-07-15,5388,5405,5405,5405,5405,2025-07-14,2025-07-16,5404,5405,5400,1,0.000185,600287,0,0,8,0.001485,0,11,1,11,"{""SH-MAIN"": 6, ""SZ-GEM"": 5}"
2025-07-16,5388,5405,5405,5405,5405,2025-07-15,2025-07-17,5405,5405,5401,0,0.000000,,0,0,8,0.001485,0,12,1,12,"{""SH-MAIN"": 6, ""SZ-GEM"": 4, ""SZ-MAIN"": 2}"
2025-07-17,5388,5405,5405,5405,5405,2025-07-16,2025-07-18,5405,5404,5402,0,0.000000,,0,0,8,0.001485,0,13,1,13,"{""SH-MAIN"": 6, ""SZ-GEM"": 3, ""SZ-MAIN"": 2, ""BJ-old"": 1}"
2025-07-18,5388,5404,5404,5404,5404,2025-07-17,2025-07-21,5405,5404,5400,1,0.000185,600566,0,0,9,0.00167,0,14,1,14,"{""SH-MAIN"": 6, ""SZ-GEM"": 4, ""SZ-MAIN"": 2, ""BJ-old"": 1}"
2025-07-21,5387,5404,5404,5404,5404,2025-07-18,2025-07-22,5404,5402,5398,1,0.000185,688076,0,0,8,0.001485,0,14,1,14,"{""SZ-GEM"": 5, ""SH-MAIN"": 3, ""SZ-MAIN"": 3, ""BJ-old"": 1}"
2025-07-22,5389,5402,5402,5402,5402,2025-07-21,2025-07-23,5404,5406,5401,0,0.000000,,0,0,10,0.001856,0,16,1,16,"{""SZ-GEM"": 5, ""SZ-MAIN"": 5, ""SH-MAIN"": 4, ""BJ-old"": 1}"
2025-07-23,5390,5406,5406,5406,5406,2025-07-22,2025-07-24,5402,5405,5401,0,0.000000,,0,0,8,0.001484,0,13,1,13,"{""SZ-GEM"": 5, ""SH-MAIN"": 3, ""SZ-MAIN"": 3, ""BJ-old"": 1}"
2025-07-24,5390,5405,5405,5405,5405,2025-07-23,2025-07-25,5406,5407,5405,0,0.000000,,0,0,9,0.00167,0,14,1,14,"{""SZ-GEM"": 5, ""SH-MAIN"": 4, ""SZ-MAIN"": 3, ""BJ-old"": 1}"
2025-07-25,5390,5407,5407,5407,5407,2025-07-24,2025-07-28,5405,5408,5404,0,0.000000,,0,0,7,0.001299,0,14,1,14,"{""SH-MAIN"": 5, ""SZ-GEM"": 3, ""SZ-MAIN"": 3, ""BJ92"": 2}"
2025-07-28,5390,5408,5408,5408,5408,2025-07-25,2025-07-29,5407,5412,5406,1,0.000185,605318,0,0,6,0.001113,0,13,1,13,"{""SH-MAIN"": 6, ""SZ-GEM"": 2, ""BJ92"": 2, ""SZ-MAIN"": 2}"
2025-07-29,5390,5412,5412,5412,5412,2025-07-28,2025-07-30,5408,5412,5405,0,0.000000,,0,0,2,0.000371,0,10,1,10,"{""SZ-GEM"": 4, ""SH-MAIN"": 2, ""BJ92"": 2, ""BJ-old"": 1}"
2025-07-30,5390,5412,5412,5412,5412,2025-07-29,2025-07-31,5412,5409,5405,0,0.000000,,0,0,3,0.000557,0,10,1,10,"{""SZ-GEM"": 5, ""SH-MAIN"": 2, ""BJ92"": 2, ""BJ-old"": 1}"
2025-07-31,5390,5409,5409,5409,5409,2025-07-30,2025-08-01,5412,5410,5408,1,0.000185,300527,0,0,8,0.001484,0,14,1,14,"{""SZ-GEM"": 7, ""SH-MAIN"": 2, ""SH-STAR"": 2, ""BJ92"": 2}"
2025-08-01,5390,5410,5410,5410,5410,2025-07-31,2025-08-04,5409,5407,5406,0,0.000000,,0,0,7,0.001299,0,13,1,13,"{""SZ-GEM"": 6, ""SH-MAIN"": 2, ""SH-STAR"": 2, ""BJ92"": 2}"
2025-08-04,5390,5407,5407,5407,5407,2025-08-01,2025-08-05,5410,5408,5406,0,0.000000,,0,0,10,0.001855,0,15,1,15,"{""SZ-GEM"": 6, ""SH-MAIN"": 3, ""SH-STAR"": 2, ""BJ92"": 2}"
2025-08-05,5391,5408,5408,5408,5408,2025-08-04,2025-08-06,5407,5410,5406,0,0.000000,,0,0,9,0.001669,0,15,1,15,"{""SZ-GEM"": 5, ""SH-MAIN"": 5, ""BJ92"": 2, ""SZ-MAIN"": 2}"
2025-08-06,5391,5410,5410,5410,5410,2025-08-05,2025-08-07,5408,5409,5406,0,0.000000,,0,0,8,0.001484,0,14,1,14,"{""SH-MAIN"": 5, ""BJ92"": 3, ""SZ-GEM"": 3, ""SZ-MAIN"": 2}"
2025-08-07,5391,5409,5409,5409,5409,2025-08-06,2025-08-08,5410,5411,5408,0,0.000000,,0,0,7,0.001298,0,15,1,15,"{""SH-MAIN"": 6, ""BJ92"": 3, ""SZ-GEM"": 3, ""SZ-MAIN"": 2}"
2025-08-08,5393,5411,5411,5411,5411,2025-08-07,2025-08-11,5409,5413,5408,0,0.000000,,0,0,7,0.001298,0,14,1,14,"{""SH-MAIN"": 5, ""BJ92"": 3, ""SZ-GEM"": 3, ""SZ-MAIN"": 2}"
2025-08-11,5395,5413,5413,5413,5413,2025-08-08,2025-08-12,5411,5416,5410,0,0.000000,,0,0,6,0.001112,0,12,1,12,"{""SH-MAIN"": 5, ""BJ92"": 3, ""SH-STAR"": 2, ""SZ-GEM"": 2}"
2025-08-12,5395,5416,5416,5416,5416,2025-08-11,2025-08-13,5413,5412,5407,0,0.000000,,0,0,4,0.000741,0,9,1,9,"{""SH-MAIN"": 4, ""BJ92"": 3, ""SH-STAR"": 2}"
2025-08-13,5395,5412,5412,5412,5412,2025-08-12,2025-08-14,5416,5413,5410,2,0.000370,"300300,600711",0,0,8,0.001483,0,13,1,13,"{""SH-MAIN"": 7, ""BJ92"": 3, ""SZ-GEM"": 2, ""SH-STAR"": 1}"
2025-08-14,5395,5413,5413,5413,5413,2025-08-13,2025-08-15,5412,5412,5409,0,0.000000,,0,0,7,0.001297,0,12,1,12,"{""SH-MAIN"": 7, ""BJ92"": 2, ""SH-STAR"": 1, ""SZ-MAIN"": 1}"
2025-08-15,5395,5412,5412,5412,5412,2025-08-14,2025-08-18,5413,5410,5409,0,0.000000,,0,0,8,0.001483,0,13,1,13,"{""SH-MAIN"": 8, ""BJ92"": 2, ""SH-STAR"": 1, ""SZ-MAIN"": 1}"
2025-08-18,5395,5410,5410,5410,5410,2025-08-15,2025-08-19,5412,5413,5409,0,0.000000,,0,0,10,0.001854,0,15,1,15,"{""SH-MAIN"": 8, ""SH-STAR"": 2, ""BJ92"": 2, ""SZ-GEM"": 2}"
2025-08-19,5395,5413,5413,5413,5413,2025-08-18,2025-08-20,5410,5411,5407,0,0.000000,,0,0,8,0.001483,0,12,1,12,"{""SH-MAIN"": 5, ""SH-STAR"": 2, ""BJ92"": 2, ""SZ-GEM"": 2}"
2025-08-20,5395,5411,5411,5411,5411,2025-08-19,2025-08-21,5413,5414,5411,1,0.000185,002822,0,0,11,0.002039,0,14,1,14,"{""SH-MAIN"": 6, ""SZ-GEM"": 3, ""SH-STAR"": 2, ""SZ-MAIN"": 2}"
2025-08-21,5396,5414,5414,5414,5414,2025-08-20,2025-08-22,5411,5415,5410,0,0.000000,,0,0,9,0.001668,0,11,1,11,"{""SH-MAIN"": 5, ""SZ-GEM"": 2, ""SH-STAR"": 2, ""SZ-MAIN"": 1}"
2025-08-22,5396,5415,5415,5415,5415,2025-08-21,2025-08-25,5414,5415,5411,0,0.000000,,0,0,9,0.001668,0,10,1,10,"{""SH-MAIN"": 4, ""SZ-GEM"": 3, ""SH-STAR"": 2, ""SZ-MAIN"": 1}"
2025-08-25,5396,5415,5415,5415,5415,2025-08-22,2025-08-26,5415,5416,5412,1,0.000185,603825,0,0,9,0.001668,0,10,1,10,"{""SH-MAIN"": 4, ""SZ-GEM"": 3, ""SH-STAR"": 2, ""SZ-MAIN"": 1}"
2025-08-26,5396,5416,5416,5416,5416,2025-08-25,2025-08-27,5415,5417,5413,1,0.000185,002316,0,0,8,0.001483,0,9,1,9,"{""SH-STAR"": 3, ""SH-MAIN"": 3, ""SZ-MAIN"": 2, ""SZ-GEM"": 1}"
2025-08-27,5398,5417,5417,5417,5417,2025-08-26,2025-08-28,5416,5416,5413,0,0.000000,,0,0,7,0.001297,0,7,1,7,"{""SH-STAR"": 3, ""SH-MAIN"": 3, ""SZ-MAIN"": 1}"
2025-08-28,5398,5416,5416,5416,5416,2025-08-27,2025-08-29,5417,5413,5412,0,0.000000,,0,0,7,0.001297,0,7,1,7,"{""SH-STAR"": 3, ""SH-MAIN"": 2, ""SZ-MAIN"": 1, ""BJ-old"": 1}"
2025-08-29,5398,5413,5413,5413,5413,2025-08-28,2025-09-01,5416,5411,5409,0,0.000000,,0,0,10,0.001853,0,14,1,14,"{""SH-STAR"": 5, ""SH-MAIN"": 3, ""BJ92"": 2, ""SZ-GEM"": 2}"
2025-09-01,5399,5411,5411,5411,5411,2025-08-29,2025-09-02,5413,5414,5411,2,0.000370,"002613,002614",0,0,12,0.002223,0,17,2,16,"{""SH-STAR"": 4, ""SZ-MAIN"": 4, ""SZ-GEM"": 3, ""SH-MAIN"": 3}"
2025-09-02,5400,5414,5414,5414,5414,2025-09-01,2025-09-03,5411,5416,5411,0,0.000000,,0,0,9,0.001667,0,14,1,14,"{""SH-STAR"": 4, ""SZ-GEM"": 3, ""SH-MAIN"": 3, ""BJ92"": 2}"
2025-09-03,5401,5416,5416,5416,5416,2025-09-02,2025-09-04,5414,5415,5413,0,0.000000,,0,0,7,0.001296,0,12,1,12,"{""SZ-GEM"": 3, ""SH-STAR"": 3, ""BJ92"": 2, ""SH-MAIN"": 2}"
2025-09-04,5401,5415,5415,5415,5415,2025-09-03,2025-09-05,5416,5415,5414,0,0.000000,,0,0,8,0.001481,0,13,1,13,"{""SZ-GEM"": 3, ""SH-STAR"": 3, ""SH-MAIN"": 3, ""BJ92"": 2}"
2025-09-05,5401,5415,5415,5415,5415,2025-09-04,2025-09-08,5415,5416,5414,1,0.000185,000711,0,0,8,0.001481,0,13,1,13,"{""SH-STAR"": 3, ""SH-MAIN"": 3, ""SZ-GEM"": 2, ""SZ-MAIN"": 2}"
2025-09-08,5400,5416,5416,5416,5416,2025-09-05,2025-09-09,5415,5417,5412,0,0.000000,,0,0,6,0.001111,0,12,1,12,"{""SZ-GEM"": 3, ""SH-STAR"": 3, ""SH-MAIN"": 3, ""BJ92"": 2}"
2025-09-09,5400,5417,5417,5417,5417,2025-09-08,2025-09-10,5416,5418,5414,0,0.000000,,0,0,5,0.000926,0,11,1,11,"{""SZ-GEM"": 4, ""BJ92"": 2, ""SH-MAIN"": 2, ""BJ-old"": 1}"
2025-09-10,5400,5418,5418,5418,5418,2025-09-09,2025-09-11,5417,5417,5414,0,0.000000,,0,0,4,0.000741,0,10,1,10,"{""SZ-GEM"": 4, ""BJ92"": 2, ""BJ-old"": 1, ""SZ-MAIN"": 1}"
2025-09-11,5402,5417,5417,5417,5417,2025-09-10,2025-09-12,5418,5424,5417,2,0.000369,"000656,600399",0,0,6,0.001111,0,11,1,11,"{""SZ-GEM"": 3, ""SH-MAIN"": 3, ""SZ-MAIN"": 2, ""BJ92"": 2}"
2025-09-12,5402,5424,5424,5424,5424,2025-09-11,2025-09-15,5417,5422,5414,0,0.000000,,0,0,3,0.000555,0,4,1,4,"{""SZ-GEM"": 2, ""SZ-MAIN"": 1, ""SH-MAIN"": 1}"
2025-09-15,5402,5422,5422,5422,5422,2025-09-12,2025-09-16,5424,5418,5416,0,0.000000,,0,0,5,0.000926,0,6,1,6,"{""SZ-MAIN"": 2, ""SZ-GEM"": 2, ""BJ-old"": 1, ""SH-MAIN"": 1}"
2025-09-16,5402,5418,5418,5418,5418,2025-09-15,2025-09-17,5422,5417,5416,0,0.000000,,0,0,5,0.000926,0,10,1,10,"{""SZ-GEM"": 3, ""BJ-old"": 2, ""SH-MAIN"": 2, ""BJ92"": 2}"
2025-09-17,5403,5417,5417,5417,5417,2025-09-16,2025-09-18,5418,5416,5415,0,0.000000,,0,0,6,0.00111,0,260,5,191,"{""BJ92"": 245, ""SZ-GEM"": 7, ""SH-MAIN"": 4, ""SZ-MAIN"": 2}"
2025-09-18,5403,5416,5416,5416,5416,2025-09-17,2025-09-19,5417,5417,5416,1,0.000185,600165,0,0,7,0.001296,0,262,5,193,"{""BJ92"": 246, ""SZ-GEM"": 7, ""SH-MAIN"": 4, ""SZ-MAIN"": 2}"
2025-09-19,5403,5417,5417,5417,5417,2025-09-18,2025-09-22,5416,5413,5411,0,0.000000,,0,0,6,0.00111,0,261,5,192,"{""BJ92"": 246, ""SZ-GEM"": 7, ""SH-MAIN"": 3, ""SZ-MAIN"": 2}"
2025-09-22,5404,5413,5413,5413,5413,2025-09-19,2025-09-23,5417,5418,5416,4,0.000739,"300366,600624,603517,688053",0,0,10,0.00185,0,265,5,196,"{""BJ92"": 246, ""SZ-GEM"": 8, ""SH-MAIN"": 5, ""SZ-MAIN"": 2}"
2025-09-23,5404,5418,5418,5418,5418,2025-09-22,2025-09-24,5413,5416,5411,0,0.000000,,0,0,5,0.000925,0,260,5,191,"{""BJ92"": 246, ""SZ-GEM"": 7, ""SH-MAIN"": 3, ""SZ-MAIN"": 2}"
2025-09-24,5405,5416,5416,5416,5416,2025-09-23,2025-09-25,5418,5417,5416,1,0.000185,000697,0,0,7,0.001295,0,263,5,194,"{""BJ92"": 247, ""SZ-GEM"": 7, ""SH-MAIN"": 4, ""SZ-MAIN"": 3}"
2025-09-25,5405,5417,5417,5417,5417,2025-09-24,2025-09-26,5416,5416,5414,0,0.000000,,0,0,6,0.00111,0,263,5,194,"{""BJ92"": 247, ""SZ-GEM"": 7, ""SH-MAIN"": 5, ""SZ-MAIN"": 3}"
2025-09-26,5405,5416,5416,5416,5416,2025-09-25,2025-09-29,5417,5410,5407,0,0.000000,,0,0,7,0.001295,0,264,5,195,"{""BJ92"": 247, ""SZ-GEM"": 7, ""SH-MAIN"": 5, ""SZ-MAIN"": 3}"
2025-09-29,5407,5410,5410,5410,5410,2025-09-26,2025-09-30,5416,5411,5407,2,0.000370,"300237,600735",0,0,13,0.002404,0,269,5,200,"{""BJ92"": 247, ""SZ-GEM"": 8, ""SZ-MAIN"": 6, ""SH-MAIN"": 6}"
2025-09-30,5407,5411,5411,5411,5411,2025-09-29,2025-10-09,5410,5419,5163,1,0.000194,300506,0,0,12,0.002219,0,269,5,200,"{""BJ92"": 247, ""SZ-GEM"": 8, ""SZ-MAIN"": 7, ""SH-MAIN"": 5}"
2025-10-09,5407,5419,5419,5419,5419,2025-09-30,2025-10-10,5411,5422,5166,1,0.000194,000698,0,0,256,0.047346,0,261,2,257,"{""BJ-old"": 241, ""SZ-MAIN"": 8, ""SH-MAIN"": 6, ""BJ92"": 2}"
2025-10-10,5407,5422,5422,5422,5422,2025-10-09,2025-10-13,5419,5424,5418,0,0.000000,,0,0,254,0.046976,0,259,2,255,"{""BJ-old"": 241, ""SZ-MAIN"": 7, ""SH-MAIN"": 7, ""SH-STAR"": 2}"
2025-10-13,5406,5424,5424,5424,5424,2025-10-10,2025-10-14,5422,5424,5419,0,0.000000,,0,0,252,0.046615,0,257,2,253,"{""BJ-old"": 241, ""SZ-MAIN"": 7, ""SH-MAIN"": 6, ""SZ-GEM"": 1}"
2025-10-14,5406,5424,5424,5424,5424,2025-10-13,2025-10-15,5424,5424,5422,0,0.000000,,0,0,251,0.04643,0,261,2,257,"{""BJ-old"": 241, ""SZ-MAIN"": 7, ""SH-MAIN"": 6, ""SH-STAR"": 4}"
2025-10-15,5407,5424,5424,5424,5424,2025-10-14,2025-10-16,5424,5428,5424,0,0.000000,,0,0,251,0.046421,0,261,2,257,"{""BJ-old"": 241, ""SZ-MAIN"": 7, ""SH-MAIN"": 6, ""SH-STAR"": 4}"
2025-10-16,5408,5428,5428,5428,5428,2025-10-15,2025-10-17,5424,5431,5424,0,0.000000,,0,0,249,0.046043,0,257,2,253,"{""BJ-old"": 241, ""SZ-MAIN"": 6, ""SH-STAR"": 4, ""SH-MAIN"": 4}"
2025-10-17,5408,5431,5431,5431,5431,2025-10-16,2025-10-20,5428,5430,5425,0,0.000000,,0,0,247,0.045673,0,254,2,250,"{""BJ-old"": 241, ""SH-STAR"": 4, ""SZ-MAIN"": 4, ""SH-MAIN"": 3}"
2025-10-20,5406,5430,5430,5430,5430,2025-10-17,2025-10-21,5431,5429,5426,0,0.000000,,0,0,246,0.045505,0,256,2,252,"{""BJ-old"": 241, ""SH-STAR"": 4, ""SH-MAIN"": 4, ""SZ-MAIN"": 4}"
2025-10-21,5405,5429,5429,5429,5429,2025-10-20,2025-10-22,5430,5429,5427,0,0.000000,,0,0,246,0.045513,0,256,2,252,"{""BJ-old"": 241, ""SH-MAIN"": 5, ""SH-STAR"": 3, ""SZ-MAIN"": 3}"
2025-10-22,5407,5429,5429,5429,5429,2025-10-21,2025-10-23,5429,5431,5429,1,0.000184,000908,0,0,247,0.045682,0,257,2,253,"{""BJ-old"": 241, ""SH-MAIN"": 6, ""SH-STAR"": 3, ""SZ-MAIN"": 3}"
2025-10-23,5407,5431,5431,5431,5431,2025-10-22,2025-10-24,5429,5432,5429,0,0.000000,,0,0,246,0.045497,0,15,1,15,"{""SH-MAIN"": 6, ""SH-STAR"": 3, ""SZ-GEM"": 2, ""BJ92"": 2}"
2025-10-24,5409,5432,5432,5432,5432,2025-10-23,2025-10-27,5431,5431,5427,0,0.000000,,0,0,246,0.04548,0,16,1,16,"{""SH-MAIN"": 6, ""BJ92"": 3, ""SH-STAR"": 3, ""SZ-GEM"": 2}"
2025-10-27,5167,5431,5431,5431,5431,2025-10-24,2025-10-28,5432,5432,5424,0,0.000000,,0,0,7,0.001355,0,17,1,17,"{""SH-MAIN"": 6, ""SZ-GEM"": 4, ""BJ92"": 3, ""SH-STAR"": 3}"
2025-10-28,5167,5432,5432,5432,5432,2025-10-27,2025-10-29,5431,5432,5426,1,0.000184,600603,0,0,10,0.001935,0,15,1,15,"{""SH-MAIN"": 6, ""SZ-GEM"": 4, ""SZ-MAIN"": 2, ""BJ92"": 2}"
2025-10-29,5168,5432,5432,5432,5432,2025-10-28,2025-10-30,5432,5431,5429,1,0.000184,688585,0,0,10,0.001935,0,15,1,15,"{""SH-MAIN"": 6, ""SZ-GEM"": 4, ""BJ92"": 2, ""SH-STAR"": 2}"
2025-10-30,5170,5431,5431,5431,5431,2025-10-29,2025-10-31,5432,5431,5430,2,0.000368,"002122,603595",0,0,11,0.002128,0,16,1,16,"{""SH-MAIN"": 7, ""SZ-GEM"": 4, ""BJ92"": 2, ""SZ-MAIN"": 2}"
2025-10-31,5171,5431,5431,5431,5431,2025-10-30,2025-11-03,5431,5434,5427,1,0.000184,000545,0,0,11,0.002127,0,16,1,16,"{""SH-MAIN"": 6, ""SZ-GEM"": 5, ""BJ92"": 2, ""SZ-MAIN"": 2}"
2025-11-03,5170,5434,5434,5434,5434,2025-10-31,2025-11-04,5431,5434,5427,1,0.000184,600169,0,0,9,0.001741,0,13,1,13,"{""SH-MAIN"": 6, ""SZ-GEM"": 3, ""SZ-MAIN"": 2, ""BJ92"": 1}"
2025-11-04,5170,5434,5434,5434,5434,2025-11-03,2025-11-05,5434,5434,5431,1,0.000184,000430,0,0,9,0.001741,0,16,1,16,"{""SH-MAIN"": 6, ""SZ-GEM"": 3, ""SZ-MAIN"": 3, ""BJ92"": 2}"
2025-11-05,5171,5434,5434,5434,5434,2025-11-04,2025-11-06,5434,5434,5431,0,0.000000,,0,0,10,0.001934,0,16,1,16,"{""SH-MAIN"": 5, ""SZ-GEM"": 4, ""SZ-MAIN"": 3, ""BJ92"": 2}"
2025-11-06,5171,5434,5434,5434,5434,2025-11-05,2025-11-07,5434,5436,5432,0,0.000000,,0,0,11,0.002127,0,16,1,16,"{""SH-MAIN"": 5, ""SZ-GEM"": 4, ""SZ-MAIN"": 3, ""BJ92"": 2}"
2025-11-07,5174,5436,5436,5436,5436,2025-11-06,2025-11-10,5434,5439,5433,1,0.000184,600831,0,0,11,0.002126,0,15,1,15,"{""SH-MAIN"": 5, ""SZ-GEM"": 3, ""SZ-MAIN"": 3, ""BJ92"": 2}"
2025-11-10,5172,5439,5439,5439,5439,2025-11-07,2025-11-11,5436,5417,5411,0,0.000000,,0,0,7,0.001353,0,12,1,12,"{""SH-MAIN"": 3, ""SZ-GEM"": 3, ""BJ92"": 2, ""SZ-MAIN"": 2}"
2025-11-11,5173,5417,5417,5417,5417,2025-11-10,2025-11-12,5439,5411,5407,23,0.004254,"000004,002571,002602,002960,300350,300363,300604,300667",0,0,26,0.005026,0,35,3,31,"{""SH-MAIN"": 13, ""SZ-GEM"": 7, ""SZ-MAIN"": 6, ""BJ92"": 5}"
2025-11-12,5174,5411,5411,5411,5411,2025-11-11,2025-11-13,5417,5422,5397,29,0.005373,"000547,000822,002291,002292,002606,002607,002608,300228",0,0,34,0.006571,0,41,3,36,"{""SZ-GEM"": 14, ""SH-MAIN"": 10, ""SZ-MAIN"": 9, ""BJ92"": 4}"
2025-11-13,5175,5422,5422,5422,5422,2025-11-12,2025-11-14,5411,5438,5408,17,0.003143,"002069,002275,002800,002805,300497,300520,300920,301063",0,0,24,0.004638,0,31,2,30,"{""SH-MAIN"": 11, ""SZ-MAIN"": 7, ""SZ-GEM"": 7, ""BJ92"": 4}"
2025-11-14,5175,5438,5438,5438,5438,2025-11-13,2025-11-17,5422,4713,4697,0,0.000000,,0,0,9,0.001739,0,15,1,15,"{""SZ-MAIN"": 4, ""SZ-GEM"": 4, ""BJ92"": 3, ""SH-MAIN"": 3}"
2025-11-17,5175,4713,4713,4713,4713,2025-11-14,2025-11-18,5438,5169,5163,724,0.140229,"300476,300477,300478,300479,300480,300481,300482,300483",0,0,634,0.122512,0,740,57,221,"{""SZ-GEM"": 255, ""SH-MAIN"": 240, ""BJ92"": 123, ""SH-STAR"": 118}"
2025-11-18,5176,5169,5169,5169,5169,2025-11-17,2025-11-19,4713,5442,4709,271,0.057549,"600469,600470,600475,600476,600477,600478,600479,600480",0,0,281,0.054289,0,285,23,58,"{""SH-MAIN"": 274, ""SZ-MAIN"": 4, ""SZ-GEM"": 4, ""BJ92"": 3}"
2025-11-19,5176,5442,5442,5442,5442,2025-11-18,2025-11-20,5169,5441,5164,1,0.000194,300093,0,0,7,0.001352,0,13,1,13,"{""SZ-GEM"": 4, ""SZ-MAIN"": 3, ""BJ92"": 3, ""SH-MAIN"": 3}"
2025-11-20,5177,5441,5441,5441,5441,2025-11-19,2025-11-21,5442,5444,5439,0,0.000000,,0,0,8,0.001545,0,14,1,14,"{""SH-MAIN"": 5, ""SZ-MAIN"": 3, ""SZ-GEM"": 3, ""BJ92"": 3}"
2025-11-21,5177,5444,5444,5444,5444,2025-11-20,2025-11-24,5441,5440,5437,0,0.000000,,0,0,6,0.001159,0,12,1,12,"{""SH-MAIN"": 5, ""SZ-GEM"": 2, ""BJ92"": 2, ""SZ-MAIN"": 2}"
2025-11-24,5178,5440,5440,5440,5440,2025-11-21,2025-11-25,5444,5438,5437,0,0.000000,,0,0,10,0.001931,0,16,1,16,"{""SH-MAIN"": 6, ""SH-STAR"": 3, ""SZ-MAIN"": 3, ""SZ-GEM"": 2}"
2025-11-25,5178,5438,5438,5438,5438,2025-11-24,2025-11-26,5440,5434,5433,0,0.000000,,0,0,13,0.002511,0,17,1,17,"{""SH-MAIN"": 5, ""SZ-MAIN"": 4, ""SH-STAR"": 4, ""SZ-GEM"": 2}"
2025-11-26,5178,5434,5434,5434,5434,2025-11-25,2025-11-27,5438,5434,5433,0,0.000000,,0,0,17,0.003283,0,22,2,21,"{""SH-MAIN"": 6, ""SH-STAR"": 6, ""SZ-GEM"": 4, ""SZ-MAIN"": 4}"
2025-11-27,5178,5434,5434,5434,5434,2025-11-26,2025-11-28,5434,5433,5432,1,0.000184,000697,0,0,18,0.003476,0,23,2,22,"{""SH-MAIN"": 6, ""SH-STAR"": 6, ""SZ-MAIN"": 5, ""SZ-GEM"": 4}"
2025-11-28,5178,5433,5433,5433,5433,2025-11-27,2025-12-01,5434,5432,5427,0,0.000000,,0,0,18,0.003476,0,24,2,23,"{""SH-MAIN"": 7, ""SH-STAR"": 6, ""SZ-GEM"": 5, ""SZ-MAIN"": 4}"
2025-12-01,5177,5432,5432,5432,5432,2025-11-28,2025-12-02,5433,5436,5429,2,0.000368,"002689,300344",0,0,18,0.003477,0,25,2,24,"{""SZ-GEM"": 6, ""SH-MAIN"": 6, ""SZ-MAIN"": 6, ""SH-STAR"": 5}"
2025-12-02,5177,5436,5436,5436,5436,2025-12-01,2025-12-03,5432,5442,5431,0,0.000000,,0,0,15,0.002897,0,22,2,21,"{""SH-MAIN"": 7, ""SH-STAR"": 6, ""SZ-GEM"": 5, ""SZ-MAIN"": 3}"
2025-12-03,5177,5442,5442,5442,5442,2025-12-02,2025-12-04,5436,5440,5434,0,0.000000,,0,0,12,0.002318,0,17,2,16,"{""SH-STAR"": 7, ""SH-MAIN"": 5, ""SZ-GEM"": 2, ""SZ-MAIN"": 2}"
2025-12-04,5177,5440,5440,5440,5440,2025-12-03,2025-12-05,5442,5438,5437,0,0.000000,,0,0,14,0.002704,0,20,2,19,"{""SH-STAR"": 7, ""SH-MAIN"": 5, ""SZ-MAIN"": 4, ""SZ-GEM"": 3}"
2025-12-05,5177,5438,5438,5438,5438,2025-12-04,2025-12-08,5440,5440,5436,1,0.000184,300137,0,0,17,0.003284,0,23,1,23,"{""SH-STAR"": 7, ""SH-MAIN"": 5, ""SZ-MAIN"": 5, ""SZ-GEM"": 5}"
2025-12-08,5174,5440,5440,5440,5440,2025-12-05,2025-12-09,5438,5441,5434,0,0.000000,,0,0,12,0.002319,0,21,1,21,"{""SH-MAIN"": 6, ""SH-STAR"": 6, ""SZ-MAIN"": 4, ""SZ-GEM"": 4}"
2025-12-09,5174,5441,5441,5441,5441,2025-12-08,2025-12-10,5440,5438,5433,1,0.000184,002742,0,0,11,0.002126,0,23,1,23,"{""SZ-GEM"": 6, ""SZ-MAIN"": 6, ""SH-MAIN"": 5, ""SH-STAR"": 5}"
2025-12-10,5174,5438,5438,5438,5438,2025-12-09,2025-12-11,5441,5442,5438,4,0.000736,"002425,300460,600165,603822",0,0,15,0.002899,0,26,1,26,"{""SZ-MAIN"": 8, ""SH-MAIN"": 7, ""SZ-GEM"": 6, ""SH-STAR"": 4}"
2025-12-11,5174,5442,5442,5442,5442,2025-12-10,2025-12-12,5438,5444,5437,1,0.000184,002200,0,0,12,0.002319,0,23,1,23,"{""SZ-MAIN"": 8, ""SH-MAIN"": 5, ""SZ-GEM"": 5, ""SH-STAR"": 4}"
2025-12-12,5174,5444,5444,5444,5444,2025-12-11,2025-12-15,5442,5443,5438,0,0.000000,,0,0,10,0.001933,0,21,1,21,"{""SZ-MAIN"": 6, ""SH-MAIN"": 5, ""SZ-GEM"": 5, ""SH-STAR"": 4}"
2025-12-15,5173,5443,5443,5443,5443,2025-12-12,2025-12-16,5444,5445,5441,1,0.000184,600079,0,0,10,0.001933,0,22,1,22,"{""SH-MAIN"": 7, ""SZ-MAIN"": 6, ""SZ-GEM"": 4, ""SH-STAR"": 4}"
2025-12-16,5173,5445,5445,5445,5445,2025-12-15,2025-12-17,5443,5446,5441,0,0.000000,,0,0,9,0.00174,0,24,1,24,"{""SZ-MAIN"": 7, ""SH-MAIN"": 6, ""SZ-GEM"": 6, ""SH-STAR"": 4}"
2025-12-17,5173,5446,5446,5446,5446,2025-12-16,2025-12-18,5445,5449,5441,0,0.000000,,0,0,9,0.00174,0,25,1,25,"{""SZ-GEM"": 8, ""SH-MAIN"": 6, ""SZ-MAIN"": 6, ""SH-STAR"": 3}"
2025-12-18,5173,5449,5449,5449,5449,2025-12-17,2025-12-19,5446,5448,5440,0,0.000000,,0,0,10,0.001933,0,22,1,22,"{""SZ-GEM"": 7, ""SZ-MAIN"": 6, ""SH-MAIN"": 4, ""SH-STAR"": 3}"
2025-12-19,5173,5448,5448,5448,5448,2025-12-18,2025-12-22,5449,5444,5439,1,0.000184,300506,0,0,12,0.00232,0,24,1,24,"{""SZ-GEM"": 7, ""SH-MAIN"": 6, ""SZ-MAIN"": 6, ""SH-STAR"": 3}"
2025-12-22,5173,5444,5444,5444,5444,2025-12-19,2025-12-23,5448,5449,5441,4,0.000735,"002424,002586,300173,605255",0,0,15,0.0029,0,28,1,28,"{""SZ-GEM"": 10, ""SZ-MAIN"": 7, ""SH-MAIN"": 6, ""SH-STAR"": 3}"
2025-12-23,5173,5449,5449,5449,5449,2025-12-22,2025-12-24,5444,5435,5425,2,0.000369,"002197,300159",0,0,14,0.002706,0,23,1,23,"{""SZ-GEM"": 8, ""SZ-MAIN"": 7, ""SH-MAIN"": 3, ""SH-STAR"": 3}"
2025-12-24,5173,5435,5435,5435,5435,2025-12-23,2025-12-25,5449,5453,5446,17,0.003122,"000697,920896,920906,920914,920925,920926,920931,920932",0,0,13,0.002513,0,37,2,34,"{""BJ92"": 18, ""SZ-GEM"": 7, ""SZ-MAIN"": 7, ""SH-MAIN"": 3}"
2025-12-25,5173,5453,5453,5453,5453,2025-12-24,2025-12-26,5435,5453,5431,1,0.000184,000959,0,0,12,0.00232,0,19,1,19,"{""SZ-GEM"": 8, ""SZ-MAIN"": 5, ""SH-MAIN"": 3, ""SH-STAR"": 2}"
2025-12-26,5173,5453,5453,5453,5453,2025-12-25,2025-12-29,5453,5455,5449,3,0.000551,"000430,000615,300125",0,0,12,0.00232,0,19,1,19,"{""SZ-GEM"": 8, ""SZ-MAIN"": 5, ""SH-MAIN"": 3, ""SH-STAR"": 2}"
2025-12-29,5175,5455,5455,5455,5455,2025-12-26,2025-12-30,5453,5457,5447,2,0.000367,"002713,002822",0,0,10,0.001932,0,17,1,17,"{""SZ-MAIN"": 5, ""SZ-GEM"": 5, ""SH-MAIN"": 4, ""SH-STAR"": 2}"
2025-12-30,5177,5457,5457,5457,5457,2025-12-29,2025-12-31,5455,5458,5448,0,0.000000,,0,0,12,0.002318,0,16,1,16,"{""SH-MAIN"": 7, ""SZ-GEM"": 4, ""SZ-MAIN"": 3, ""SH-STAR"": 1}"
2025-12-31,5318,5458,5458,5458,5458,2025-12-30,2026-01-05,5457,5457,5450,1,0.000183,000691,0,0,11,0.002068,0,16,1,16,"{""SH-MAIN"": 8, ""SZ-MAIN"": 3, ""SZ-GEM"": 2, ""BJ92"": 2}"
2026-01-05,5419,5457,5457,5457,5457,2025-12-31,2026-01-06,5458,5459,5453,2,0.000367,"002055,300091",0,0,10,0.001845,0,17,1,17,"{""SH-MAIN"": 8, ""SZ-GEM"": 3, ""BJ92"": 3, ""SZ-MAIN"": 3}"
2026-01-06,5422,5459,5459,5459,5459,2026-01-05,2026-01-07,5457,5460,5453,0,0.000000,,0,0,9,0.00166,0,15,1,15,"{""SH-MAIN"": 7, ""SZ-GEM"": 3, ""BJ92"": 3, ""SZ-MAIN"": 2}"
2026-01-07,5422,5460,5460,5460,5460,2026-01-06,2026-01-08,5459,5459,5456,0,0.000000,,0,0,8,0.001475,0,15,1,15,"{""SH-MAIN"": 6, ""BJ92"": 4, ""SZ-MAIN"": 3, ""SZ-GEM"": 2}"
2026-01-08,5425,5459,5459,5459,5459,2026-01-07,2026-01-09,5460,5459,5457,0,0.000000,,0,0,9,0.001659,0,17,1,17,"{""SH-MAIN"": 6, ""BJ92"": 5, ""SZ-MAIN"": 4, ""SZ-GEM"": 2}"
2026-01-09,5426,5459,5459,5459,5459,2026-01-08,2026-01-12,5459,5459,5453,0,0.000000,,0,0,10,0.001843,0,17,1,17,"{""SH-MAIN"": 6, ""SZ-MAIN"": 5, ""BJ92"": 4, ""SZ-GEM"": 2}"
2026-01-12,5425,5459,5459,5459,5459,2026-01-09,2026-01-13,5459,5452,5448,1,0.000184,002388,0,0,11,0.002028,0,17,1,17,"{""SZ-MAIN"": 6, ""SH-MAIN"": 5, ""BJ92"": 4, ""SZ-GEM"": 2}"
2026-01-13,5425,5452,5452,5452,5452,2026-01-12,2026-01-14,5459,5454,5452,3,0.000550,"300376,300506,600165",0,0,18,0.003318,0,24,1,24,"{""SH-MAIN"": 8, ""SZ-GEM"": 6, ""SZ-MAIN"": 6, ""BJ92"": 4}"
2026-01-14,5425,5454,5454,5454,5454,2026-01-13,2026-01-15,5452,5457,5448,0,0.000000,,0,0,16,0.002949,0,24,1,24,"{""SZ-MAIN"": 7, ""SH-MAIN"": 6, ""BJ92"": 5, ""SZ-GEM"": 4}"
2026-01-15,5429,5457,5457,5457,5457,2026-01-14,2026-01-16,5454,5460,5451,0,0.000000,,0,0,14,0.002579,0,21,1,21,"{""SH-MAIN"": 5, ""BJ92"": 5, ""SZ-GEM"": 5, ""SZ-MAIN"": 4}"
2026-01-16,5429,5460,5460,5460,5460,2026-01-15,2026-01-19,5457,5461,5453,0,0.000000,,0,0,12,0.00221,0,19,1,19,"{""SH-MAIN"": 5, ""BJ92"": 5, ""SZ-MAIN"": 4, ""SZ-GEM"": 3}"
2026-01-19,5430,5461,5461,5461,5461,2026-01-16,2026-01-20,5460,5467,5459,2,0.000366,"000821,300344",0,0,11,0.002026,0,17,1,17,"{""SH-MAIN"": 4, ""SZ-GEM"": 4, ""SZ-MAIN"": 4, ""BJ92"": 4}"
2026-01-20,5430,5467,5467,5467,5467,2026-01-19,2026-01-21,5461,5465,5457,0,0.000000,,0,0,5,0.000921,0,12,1,12,"{""BJ92"": 4, ""SH-MAIN"": 3, ""SZ-MAIN"": 3, ""SZ-GEM"": 1}"
2026-01-21,5430,5465,5465,5465,5465,2026-01-20,2026-01-22,5467,5466,5463,1,0.000183,002822,0,0,8,0.001473,0,14,1,14,"{""SH-MAIN"": 5, ""BJ92"": 3, ""SZ-MAIN"": 3, ""SZ-GEM"": 2}"
2026-01-22,5434,5466,5466,5466,5466,2026-01-21,2026-01-23,5465,5467,5464,0,0.000000,,0,0,7,0.001288,0,14,1,14,"{""SH-MAIN"": 5, ""SZ-GEM"": 3, ""SH-STAR"": 2, ""BJ92"": 2}"
2026-01-23,5435,5467,5467,5467,5467,2026-01-22,2026-01-26,5466,5463,5461,0,0.000000,,0,0,6,0.001104,0,13,1,13,"{""SH-MAIN"": 4, ""SZ-GEM"": 3, ""SH-STAR"": 2, ""BJ92"": 2}"
2026-01-26,5435,5463,5463,5463,5463,2026-01-23,2026-01-27,5467,5463,5462,1,0.000183,603798,0,0,10,0.00184,0,17,1,17,"{""SH-MAIN"": 6, ""SZ-GEM"": 4, ""SZ-MAIN"": 3, ""SH-STAR"": 2}"
2026-01-27,5435,5463,5463,5463,5463,2026-01-26,2026-01-28,5463,5464,5461,0,0.000000,,0,0,10,0.00184,0,20,1,20,"{""SH-MAIN"": 6, ""SZ-GEM"": 4, ""SH-STAR"": 4, ""SZ-MAIN"": 3}"
2026-01-28,5436,5464,5464,5464,5464,2026-01-27,2026-01-29,5463,5465,5461,0,0.000000,,0,0,11,0.002024,0,20,1,20,"{""SH-MAIN"": 6, ""SZ-GEM"": 4, ""SZ-MAIN"": 4, ""SH-STAR"": 4}"
2026-01-29,5437,5465,5465,5465,5465,2026-01-28,2026-01-30,5464,5462,5459,0,0.000000,,0,0,11,0.002023,0,20,1,20,"{""SH-MAIN"": 5, ""SZ-GEM"": 4, ""SZ-MAIN"": 4, ""SH-STAR"": 4}"
2026-01-30,5438,5462,5462,5462,5462,2026-01-29,2026-02-02,5465,5464,5460,0,0.000000,,0,0,15,0.002758,0,23,2,22,"{""SZ-GEM"": 6, ""SH-MAIN"": 5, ""SZ-MAIN"": 5, ""SH-STAR"": 4}"
2026-02-02,5439,5464,5464,5464,5464,2026-01-30,2026-02-03,5462,5465,5461,0,0.000000,,0,0,13,0.00239,0,21,2,20,"{""SH-MAIN"": 6, ""SZ-GEM"": 5, ""SH-STAR"": 4, ""SZ-MAIN"": 3}"
2026-02-03,5440,5465,5465,5465,5465,2026-02-02,2026-02-04,5464,5468,5463,0,0.000000,,0,0,13,0.00239,0,20,2,19,"{""SH-MAIN"": 6, ""SZ-GEM"": 5, ""SH-STAR"": 4, ""BJ92"": 3}"
2026-02-04,5440,5468,5468,5468,5468,2026-02-03,2026-02-05,5465,5467,5462,0,0.000000,,0,0,10,0.001838,0,17,2,16,"{""SH-STAR"": 5, ""SH-MAIN"": 4, ""BJ92"": 4, ""SZ-GEM"": 3}"
2026-02-05,5440,5467,5467,5467,5467,2026-02-04,2026-02-06,5468,5466,5463,0,0.000000,,0,0,12,0.002206,0,17,2,16,"{""BJ92"": 5, ""SH-MAIN"": 4, ""SH-STAR"": 4, ""SZ-GEM"": 3}"
2026-02-06,5440,5466,5466,5466,5466,2026-02-05,2026-02-09,5467,5465,5461,0,0.000000,,0,0,13,0.00239,0,18,1,18,"{""SH-MAIN"": 4, ""SH-STAR"": 4, ""SZ-GEM"": 4, ""BJ92"": 4}"
2026-02-09,5440,5465,5465,5465,5465,2026-02-06,2026-02-10,5466,5470,5463,1,0.000183,002731,0,0,14,0.002574,0,18,1,18,"{""SZ-MAIN"": 5, ""SH-STAR"": 4, ""BJ92"": 4, ""SZ-GEM"": 3}"
2026-02-10,5439,5470,5470,5470,5470,2026-02-09,2026-02-11,5465,5470,5462,0,0.000000,,0,0,11,0.002022,0,14,1,14,"{""SZ-MAIN"": 5, ""BJ92"": 4, ""SZ-GEM"": 3, ""SH-STAR"": 2}"
2026-02-11,5442,5470,5470,5470,5470,2026-02-10,2026-02-12,5470,5476,5470,2,0.000366,"000430,300091",0,0,12,0.002205,0,15,1,15,"{""SZ-MAIN"": 6, ""BJ92"": 5, ""SZ-GEM"": 3, ""SH-STAR"": 1}"
2026-02-12,5442,5476,5476,5476,5476,2026-02-11,2026-02-13,5470,5474,5468,0,0.000000,,0,0,7,0.001286,0,10,1,10,"{""BJ92"": 3, ""SZ-MAIN"": 3, ""SZ-GEM"": 3, ""SH-STAR"": 1}"
2026-02-13,5442,5474,5474,5474,5474,2026-02-12,2026-02-24,5476,5474,5472,0,0.000000,,0,0,9,0.001654,0,12,1,12,"{""BJ92"": 4, ""SZ-MAIN"": 3, ""SZ-GEM"": 3, ""SH-MAIN"": 1}"
2026-02-24,5433,5474,5474,5474,5474,2026-02-13,2026-02-25,5474,5471,5469,0,0.000000,,0,0,7,0.001288,0,12,1,12,"{""BJ92"": 4, ""SZ-GEM"": 3, ""SH-MAIN"": 2, ""SZ-MAIN"": 2}"
2026-02-25,5433,5471,5471,5471,5471,2026-02-24,2026-02-26,5474,5471,5469,1,0.000183,600983,0,0,10,0.001841,0,15,1,15,"{""SZ-GEM"": 4, ""BJ92"": 4, ""SH-MAIN"": 4, ""SZ-MAIN"": 2}"
2026-02-26,5440,5471,5471,5471,5471,2026-02-25,2026-02-27,5471,5471,5466,0,0.000000,,0,0,11,0.002022,0,15,1,15,"{""SZ-GEM"": 5, ""SH-MAIN"": 5, ""BJ92"": 3, ""SZ-MAIN"": 2}"
2026-02-27,5440,5471,5471,5471,5471,2026-02-26,2026-03-02,5471,5470,5468,1,0.000183,000793,0,0,11,0.002022,0,15,1,15,"{""SH-MAIN"": 5, ""SZ-MAIN"": 4, ""SZ-GEM"": 3, ""BJ92"": 3}"
2026-03-02,5434,5470,5470,5470,5470,2026-02-27,2026-03-03,5471,5472,5469,1,0.000183,002512,0,0,11,0.002024,0,16,1,16,"{""SH-MAIN"": 6, ""SZ-MAIN"": 4, ""SZ-GEM"": 3, ""BJ92"": 3}"
2026-03-03,5434,5472,5472,5472,5472,2026-03-02,2026-03-04,5470,5474,5469,0,0.000000,,0,0,9,0.001656,0,14,1,14,"{""SH-MAIN"": 5, ""SZ-MAIN"": 3, ""SZ-GEM"": 3, ""BJ92"": 3}"
2026-03-04,5434,5474,5474,5474,5474,2026-03-03,2026-03-05,5472,5476,5472,0,0.000000,,0,0,8,0.001472,0,13,1,13,"{""SH-MAIN"": 5, ""SZ-GEM"": 3, ""BJ92"": 3, ""SZ-MAIN"": 2}"
2026-03-05,5442,5476,5476,5476,5476,2026-03-04,2026-03-06,5474,5477,5474,0,0.000000,,0,0,7,0.001286,0,11,1,11,"{""SH-MAIN"": 5, ""SZ-GEM"": 2, ""SZ-MAIN"": 2, ""BJ92"": 2}"
2026-03-06,5443,5477,5477,5477,5477,2026-03-05,2026-03-09,5476,5481,5476,0,0.000000,,0,0,7,0.001286,0,12,1,12,"{""SH-MAIN"": 5, ""BJ92"": 3, ""SZ-GEM"": 2, ""SZ-MAIN"": 2}"
2026-03-09,5443,5481,5481,5481,5481,2026-03-06,2026-03-10,5477,5479,5475,0,0.000000,,0,0,4,0.000735,0,8,1,8,"{""SH-MAIN"": 3, ""SZ-GEM"": 2, ""BJ92"": 2, ""SZ-MAIN"": 1}"
2026-03-10,5444,5479,5479,5479,5479,2026-03-09,2026-03-11,5481,5482,5481,2,0.000365,"000908,605389",0,0,6,0.001102,0,9,1,9,"{""SH-MAIN"": 4, ""BJ92"": 2, ""SZ-MAIN"": 2, ""SZ-GEM"": 1}"
2026-03-11,5444,5482,5482,5482,5482,2026-03-10,2026-03-12,5479,5482,5479,0,0.000000,,0,0,3,0.000551,0,8,1,8,"{""SZ-GEM"": 2, ""SH-MAIN"": 2, ""BJ92"": 2, ""SH-STAR"": 1}"
2026-03-12,5444,5482,5482,5482,5482,2026-03-11,2026-03-13,5482,5481,5481,0,0.000000,,0,0,3,0.000551,0,7,1,7,"{""SZ-GEM"": 2, ""BJ92"": 2, ""SH-STAR"": 1, ""SH-MAIN"": 1}"
2026-03-13,5445,5481,5481,5481,5481,2026-03-12,2026-03-16,5482,5480,5479,0,0.000000,,0,0,4,0.000735,0,9,1,9,"{""BJ92"": 3, ""SZ-MAIN"": 2, ""SZ-GEM"": 2, ""SH-STAR"": 1}"
2026-03-16,5444,5480,5480,5480,5480,2026-03-13,2026-03-17,5481,5478,5476,0,0.000000,,0,0,4,0.000735,0,11,1,11,"{""BJ92"": 4, ""SZ-MAIN"": 3, ""SH-STAR"": 2, ""SZ-GEM"": 2}"
2026-03-17,5444,5478,5478,5478,5478,2026-03-16,2026-03-18,5480,5479,5477,0,0.000000,,0,0,6,0.001102,0,17,1,17,"{""SZ-GEM"": 5, ""BJ92"": 5, ""SH-STAR"": 4, ""SZ-MAIN"": 3}"
2026-03-18,5444,5479,5479,5479,5479,2026-03-17,2026-03-19,5478,5479,5477,0,0.000000,,0,0,6,0.001102,0,17,2,16,"{""SZ-GEM"": 6, ""SH-STAR"": 4, ""BJ92"": 4, ""SZ-MAIN"": 3}"
2026-03-19,5445,5479,5479,5479,5479,2026-03-18,2026-03-20,5479,5481,5477,0,0.000000,,0,0,6,0.001102,0,17,2,16,"{""SZ-GEM"": 5, ""SH-STAR"": 4, ""BJ92"": 4, ""SZ-MAIN"": 3}"
2026-03-20,5446,5481,5481,5481,5481,2026-03-19,2026-03-23,5479,5483,5477,0,0.000000,,0,0,6,0.001102,0,15,2,14,"{""SH-STAR"": 4, ""SZ-GEM"": 4, ""BJ92"": 3, ""SZ-MAIN"": 2}"
2026-03-23,5450,5483,5483,5483,5483,2026-03-20,2026-03-24,5481,5481,5478,1,0.000183,603429,0,0,4,0.000734,0,13,2,12,"{""SH-STAR"": 4, ""SZ-GEM"": 3, ""BJ92"": 3, ""SH-MAIN"": 2}"
2026-03-24,5451,5481,5481,5481,5481,2026-03-23,2026-03-25,5483,5482,5479,0,0.000000,,0,0,6,0.001101,0,17,2,16,"{""SZ-GEM"": 5, ""SH-STAR"": 4, ""BJ92"": 4, ""SH-MAIN"": 3}"
2026-03-25,5451,5482,5482,5482,5482,2026-03-24,2026-03-26,5481,5481,5479,1,0.000183,000908,0,0,7,0.001284,0,16,1,16,"{""BJ92"": 4, ""SZ-GEM"": 4, ""SH-STAR"": 3, ""SH-MAIN"": 3}"
2026-03-26,5454,5481,5481,5481,5481,2026-03-25,2026-03-27,5482,5478,5475,0,0.000000,,0,0,8,0.001467,0,20,1,20,"{""SZ-GEM"": 5, ""BJ92"": 5, ""SH-MAIN"": 4, ""SH-STAR"": 4}"
2026-03-27,5455,5478,5478,5478,5478,2026-03-26,2026-03-30,5481,5476,5472,1,0.000183,300165,0,0,12,0.0022,0,24,2,23,"{""SZ-GEM"": 6, ""SH-MAIN"": 5, ""BJ92"": 5, ""SZ-MAIN"": 4}"
2026-03-30,5456,5476,5476,5476,5476,2026-03-27,2026-03-31,5478,5482,5473,3,0.000548,"002538,300097,600581",0,0,15,0.002749,0,26,2,25,"{""SH-MAIN"": 7, ""SZ-GEM"": 7, ""SZ-MAIN"": 5, ""BJ92"": 4}"
2026-03-31,5456,5482,5482,5482,5482,2026-03-30,2026-04-01,5476,5485,5473,1,0.000183,000909,0,0,13,0.002383,0,20,2,19,"{""SH-MAIN"": 7, ""SZ-MAIN"": 5, ""SZ-GEM"": 4, ""BJ92"": 3}"
2026-04-01,5457,5485,5485,5485,5485,2026-03-31,2026-04-02,5482,5485,5479,0,0.000000,,0,0,11,0.002016,0,20,2,19,"{""SH-MAIN"": 8, ""SZ-MAIN"": 4, ""BJ92"": 4, ""SZ-GEM"": 3}"
2026-04-02,5460,5485,5485,5485,5485,2026-04-01,2026-04-03,5485,5486,5482,0,0.000000,,0,0,11,0.002015,0,21,2,20,"{""SH-MAIN"": 7, ""SZ-MAIN"": 5, ""BJ92"": 4, ""SZ-GEM"": 4}"
2026-04-03,5462,5486,5486,5486,5486,2026-04-02,2026-04-07,5485,5484,5480,0,0.000000,,0,0,10,0.001831,0,21,2,20,"{""SH-MAIN"": 7, ""BJ92"": 5, ""SZ-MAIN"": 4, ""SZ-GEM"": 4}"
2026-04-07,5436,5484,5484,5484,5484,2026-04-03,2026-04-08,5486,5490,5483,2,0.000365,"002598,300081",0,0,9,0.001656,0,25,2,24,"{""SH-MAIN"": 8, ""SZ-GEM"": 6, ""BJ92"": 5, ""SZ-MAIN"": 4}"
2026-04-08,5437,5490,5490,5490,5490,2026-04-07,2026-04-09,5484,5491,5483,0,0.000000,,0,0,8,0.001471,0,19,1,19,"{""SH-MAIN"": 5, ""SZ-GEM"": 5, ""BJ92"": 4, ""SZ-MAIN"": 3}"
2026-04-09,5463,5491,5491,5491,5491,2026-04-08,2026-04-10,5490,5495,5490,0,0.000000,,0,0,7,0.001281,0,18,1,18,"{""SZ-GEM"": 5, ""SH-MAIN"": 4, ""BJ92"": 4, ""SZ-MAIN"": 3}"
2026-04-10,5464,5495,5495,5495,5495,2026-04-09,2026-04-13,5491,5494,5487,0,0.000000,,0,0,6,0.001098,0,16,1,16,"{""BJ92"": 4, ""SZ-GEM"": 4, ""SH-MAIN"": 3, ""SZ-MAIN"": 3}"
2026-04-13,5438,5494,5494,5494,5494,2026-04-10,2026-04-14,5495,5496,5493,3,0.000546,"002647,300385,600082",0,0,7,0.001287,0,19,1,19,"{""SZ-GEM"": 6, ""BJ92"": 4, ""SH-MAIN"": 4, ""SZ-MAIN"": 3}"
2026-04-14,5438,5496,5496,5496,5496,2026-04-13,2026-04-15,5494,5494,5491,0,0.000000,,0,0,5,0.000919,0,17,1,17,"{""SZ-GEM"": 5, ""BJ92"": 4, ""SH-MAIN"": 3, ""SZ-MAIN"": 3}"
2026-04-15,5438,5494,5494,5494,5494,2026-04-14,2026-04-16,5496,5498,5495,1,0.000182,300052,0,0,7,0.001287,0,20,1,20,"{""SZ-GEM"": 6, ""BJ92"": 5, ""SZ-MAIN"": 3, ""SH-MAIN"": 3}"
2026-04-16,5464,5498,5498,5498,5498,2026-04-15,2026-04-17,5494,5497,5491,0,0.000000,,0,0,6,0.001098,0,17,1,17,"{""SZ-GEM"": 5, ""BJ92"": 4, ""SH-STAR"": 3, ""SZ-MAIN"": 3}"
2026-04-17,5465,5497,5497,5497,5497,2026-04-16,2026-04-20,5498,5493,5490,2,0.000364,"600358,603268",0,0,8,0.001464,0,18,1,18,"{""SH-MAIN"": 4, ""SH-STAR"": 4, ""BJ92"": 4, ""SZ-GEM"": 4}"
2026-04-20,5440,5493,5493,5493,5493,2026-04-17,2026-04-21,5497,5498,5491,5,0.000911,"002542,300123,603007,688270,688511",0,0,11,0.002022,0,23,1,23,"{""SZ-GEM"": 6, ""SH-STAR"": 6, ""BJ92"": 4, ""SH-MAIN"": 4}"
2026-04-21,5465,5498,5498,5498,5498,2026-04-20,2026-04-22,5493,5497,5487,3,0.000547,"002227,002932,300044",0,0,9,0.001647,0,17,2,16,"{""SZ-MAIN"": 4, ""BJ92"": 4, ""SZ-GEM"": 4, ""SH-STAR"": 3}"
2026-04-22,5465,5497,5497,5497,5497,2026-04-21,2026-04-23,5498,5494,5490,2,0.000364,"000609,605336",0,0,9,0.001647,0,20,1,20,"{""SH-MAIN"": 5, ""SZ-GEM"": 5, ""SZ-MAIN"": 4, ""BJ92"": 4}"
2026-04-23,5466,5494,5494,5494,5494,2026-04-22,2026-04-24,5497,5496,5491,4,0.000728,"002977,300295,600889,920090",0,0,12,0.002195,0,23,1,23,"{""SZ-GEM"": 6, ""SH-MAIN"": 6, ""BJ92"": 5, ""SZ-MAIN"": 4}"
2026-04-24,5467,5496,5496,5496,5496,2026-04-23,2026-04-27,5494,5495,5485,5,0.000912,"000056,000610,000838,600265,600543",0,0,12,0.002195,0,21,1,21,"{""SZ-MAIN"": 6, ""SH-MAIN"": 6, ""SZ-GEM"": 5, ""BJ92"": 3}"
2026-04-27,5466,5495,5495,5495,5495,2026-04-24,2026-04-28,5496,5488,5479,8,0.001460,"000752,002431,002634,600119,600423,600730,603008,603959",0,0,15,0.002744,0,21,1,21,"{""SH-MAIN"": 8, ""SZ-MAIN"": 5, ""SZ-GEM"": 5, ""BJ92"": 2}"
2026-04-28,5466,5488,5488,5488,5488,2026-04-27,2026-04-29,5495,5462,5451,14,0.002568,"002207,002360,002719,300198,300245,300338,600084,600476",0,0,22,0.004025,0,29,1,29,"{""SH-MAIN"": 11, ""SZ-GEM"": 8, ""SZ-MAIN"": 5, ""BJ92"": 3}"
2026-04-29,5465,5462,5462,5462,5462,2026-04-28,2026-04-30,5488,5460,5443,41,0.007533,"000010,000016,000632,000639,000826,000911,002102,002175",0,0,48,0.008783,0,57,1,57,"{""SZ-MAIN"": 23, ""SH-MAIN"": 16, ""SZ-GEM"": 11, ""BJ92"": 4}"
2026-04-30,5468,5460,5460,5460,5460,2026-04-29,2026-05-06,5462,5490,5448,36,0.006608,"000078,000677,000697,002082,002109,002193,002198,002514",0,0,51,0.009327,0,59,1,59,"{""SH-MAIN"": 24, ""SZ-MAIN"": 14, ""SZ-GEM"": 12, ""BJ92"": 5}"
2026-05-06,5442,5490,5490,5490,5490,2026-04-30,2026-05-07,5460,5493,5454,0,0.000000,,0,0,19,0.003491,0,29,1,29,"{""SH-MAIN"": 11, ""SZ-GEM"": 6, ""SZ-MAIN"": 6, ""BJ92"": 4}"
2026-05-07,5446,5493,5493,5493,5493,2026-05-06,2026-05-08,5490,5491,5487,0,0.000000,,0,0,19,0.003489,0,26,1,26,"{""SH-MAIN"": 10, ""SZ-MAIN"": 6, ""SZ-GEM"": 5, ""BJ92"": 3}"
2026-05-08,5469,5491,5491,5491,5491,2026-05-07,2026-05-11,5493,5491,5488,1,0.000182,002168,0,0,21,0.00384,0,31,1,31,"{""SH-MAIN"": 11, ""SZ-MAIN"": 8, ""SZ-GEM"": 5, ""BJ92"": 4}"
2026-05-11,5442,5491,5491,5491,5491,2026-05-08,2026-05-12,5491,5490,5486,2,0.000365,"301139,688496",0,0,20,0.003675,0,30,1,30,"{""SH-MAIN"": 11, ""SZ-MAIN"": 7, ""SZ-GEM"": 4, ""SH-STAR"": 4}"
2026-05-12,5443,5490,5490,5490,5490,2026-05-11,2026-05-13,5491,5493,5488,3,0.000547,"002868,300268,301288",0,0,20,0.003674,0,31,1,31,"{""SH-MAIN"": 10, ""SZ-MAIN"": 8, ""SZ-GEM"": 6, ""BJ92"": 4}"
2026-05-13,5442,5493,5493,5493,5493,2026-05-12,2026-05-14,5490,5493,5488,1,0.000182,300899,0,0,16,0.00294,0,30,1,30,"{""SH-MAIN"": 9, ""SZ-MAIN"": 7, ""BJ92"": 6, ""SH-STAR"": 4}"
2026-05-14,5446,5493,5493,5493,5493,2026-05-13,2026-05-15,5493,5495,5491,0,0.000000,,0,0,16,0.002938,0,30,1,30,"{""SH-MAIN"": 9, ""SZ-MAIN"": 8, ""BJ92"": 6, ""SH-STAR"": 4}"
2026-05-15,5466,5495,5495,5495,5495,2026-05-14,2026-05-18,5493,5499,5493,1,0.000182,000430,0,0,16,0.002927,0,26,1,26,"{""SH-MAIN"": 8, ""SZ-MAIN"": 7, ""BJ92"": 5, ""SZ-GEM"": 3}"
2026-05-18,5437,5499,5499,5499,5499,2026-05-15,2026-05-19,5495,5494,5489,0,0.000000,,0,0,3,0.000552,0,23,1,23,"{""SH-MAIN"": 7, ""SZ-MAIN"": 5, ""BJ92"": 5, ""SZ-GEM"": 3}"
2026-05-19,5438,5494,5494,5494,5494,2026-05-18,2026-05-20,5499,5498,5496,5,0.000910,"000518,001270,003004,600360,603789",0,0,8,0.001471,0,24,1,24,"{""SZ-MAIN"": 8, ""SH-MAIN"": 7, ""BJ92"": 4, ""SZ-GEM"": 3}"
2026-05-20,5439,5498,5498,5498,5498,2026-05-19,2026-05-21,5494,5501,5494,2,0.000364,"000608,002047",0,0,5,0.000919,0,16,1,16,"{""SH-MAIN"": 5, ""BJ92"": 4, ""SZ-MAIN"": 4, ""SZ-GEM"": 2}"
2026-05-21,5442,5501,5501,5501,5501,2026-05-20,2026-05-22,5498,5504,5497,0,0.000000,,0,0,2,0.000368,0,13,1,13,"{""SH-MAIN"": 5, ""BJ92"": 4, ""SZ-GEM"": 2, ""SZ-MAIN"": 1}"
2026-05-22,5462,5504,5504,5504,5504,2026-05-21,2026-05-25,5501,5504,5500,1,0.000182,002693,0,0,3,0.000549,0,11,1,11,"{""SH-MAIN"": 4, ""BJ92"": 4, ""SZ-MAIN"": 1, ""SH-STAR"": 1}"
2026-05-25,5437,5504,5504,5504,5504,2026-05-22,2026-05-26,5504,5504,5502,0,0.000000,,0,0,1,0.000184,0,15,1,15,"{""SH-MAIN"": 7, ""BJ92"": 5, ""SZ-GEM"": 2, ""SH-STAR"": 1}"
2026-05-26,5439,5504,5504,5504,5504,2026-05-25,2026-05-27,5504,5506,5502,0,0.000000,,0,0,2,0.000368,0,16,1,16,"{""SH-MAIN"": 7, ""BJ92"": 5, ""SZ-GEM"": 3, ""SH-STAR"": 1}"
2026-05-27,5440,5506,5506,5506,5506,2026-05-26,2026-05-28,5504,5506,5503,1,0.000182,300561,0,0,3,0.000551,0,14,1,14,"{""SH-MAIN"": 7, ""SZ-GEM"": 4, ""BJ92"": 3}"
2026-05-28,5443,5506,5506,5506,5506,2026-05-27,2026-05-29,5506,5505,5504,0,0.000000,,0,0,3,0.000551,0,15,1,15,"{""SH-MAIN"": 7, ""BJ92"": 4, ""SZ-GEM"": 3, ""SZ-MAIN"": 1}"
2026-05-29,5463,5505,5505,5505,5505,2026-05-28,2026-06-01,5506,5508,5502,1,0.000182,000691,0,0,4,0.000732,0,16,1,16,"{""SH-MAIN"": 7, ""BJ92"": 4, ""SZ-GEM"": 3, ""SZ-MAIN"": 2}"
2026-06-01,5442,5508,5508,5508,5508,2026-05-29,2026-06-02,5505,5507,5499,2,0.000364,"002848,603721",0,0,6,0.001103,0,14,1,14,"{""SH-MAIN"": 4, ""BJ92"": 4, ""SZ-GEM"": 3, ""SZ-MAIN"": 3}"
2026-06-02,5443,5507,5507,5507,5507,2026-06-01,2026-06-03,5508,5511,5508,4,0.000726,"000668,000736,002200,300175",0,0,7,0.001286,0,15,1,15,"{""SZ-MAIN"": 5, ""BJ92"": 4, ""SZ-GEM"": 3, ""SH-MAIN"": 3}"
2026-06-03,5444,5511,5511,5511,5511,2026-06-02,2026-06-04,5507,5511,5507,0,0.000000,,0,0,3,0.000551,0,11,1,11,"{""BJ92"": 4, ""SH-MAIN"": 3, ""SZ-GEM"": 2, ""SZ-MAIN"": 2}"
2026-06-04,5450,5511,5511,5511,5511,2026-06-03,2026-06-05,5511,5514,5511,0,0.000000,,0,0,3,0.00055,0,12,1,12,"{""BJ92"": 4, ""SZ-GEM"": 3, ""SH-MAIN"": 3, ""SZ-MAIN"": 2}"
2026-06-05,5467,5514,5514,5514,5514,2026-06-04,2026-06-08,5511,5515,5508,0,0.000000,,0,0,1,0.000183,0,9,1,9,"{""BJ92"": 3, ""SH-MAIN"": 3, ""SZ-GEM"": 2, ""SZ-MAIN"": 1}"
2026-06-08,5467,5515,5515,5515,5515,2026-06-05,2026-06-09,5514,5515,5510,2,0.000363,"300831,600228",0,0,4,0.000732,0,10,1,10,"{""BJ92"": 3, ""SZ-GEM"": 3, ""SZ-MAIN"": 3, ""SH-MAIN"": 1}"
2026-06-09,5467,5515,5515,5515,5515,2026-06-08,2026-06-10,5515,5512,5509,0,0.000000,,0,0,4,0.000732,0,11,1,11,"{""SZ-MAIN"": 4, ""BJ92"": 3, ""SH-STAR"": 2, ""SZ-GEM"": 1}"
2026-06-10,5467,5512,5512,5512,5512,2026-06-09,2026-06-11,5515,5511,5510,3,0.000544,"003032,300225,688189",0,0,7,0.00128,0,14,1,14,"{""SZ-MAIN"": 5, ""BJ92"": 3, ""SH-STAR"": 3, ""SZ-GEM"": 2}"
2026-06-11,5467,5511,5511,5511,5511,2026-06-10,2026-06-12,5512,5512,5508,4,0.000726,"000504,000908,002306,300093",0,0,9,0.001646,0,16,1,16,"{""SZ-MAIN"": 8, ""SZ-GEM"": 3, ""BJ92"": 2, ""SH-STAR"": 2}"
2026-06-12,5467,5512,5512,5512,5512,2026-06-11,2026-06-15,5511,5508,5503,2,0.000363,"002058,002529",0,0,8,0.001463,0,17,1,17,"{""SZ-MAIN"": 8, ""BJ92"": 3, ""SH-STAR"": 3, ""SZ-GEM"": 2}"
2026-06-15,5468,5508,5508,5508,5508,2026-06-12,2026-06-16,5512,5513,5509,6,0.001089,"000929,300343,300506,600753,603261,603813",0,0,13,0.002377,0,22,1,22,"{""SZ-MAIN"": 7, ""SH-MAIN"": 5, ""SZ-GEM"": 4, ""BJ92"": 3}"
2026-06-16,5468,5513,5513,5513,5513,2026-06-15,2026-06-17,5508,5509,5502,0,0.000000,,0,0,8,0.001463,0,17,1,17,"{""SZ-MAIN"": 5, ""SZ-GEM"": 3, ""BJ92"": 3, ""SH-STAR"": 3}"
2026-06-17,5468,5509,5509,5509,5509,2026-06-16,2026-06-18,5513,5507,5505,1,0.000182,002496,0,0,11,0.002012,0,23,1,23,"{""SZ-MAIN"": 7, ""SH-MAIN"": 5, ""BJ92"": 4, ""SH-STAR"": 4}"
2026-06-18,5468,5507,5507,5507,5507,2026-06-17,2026-06-22,5509,5510,5507,5,0.000908,"000793,002076,002762,300159,300313",0,0,14,0.00256,0,25,1,25,"{""SZ-MAIN"": 9, ""SH-MAIN"": 5, ""BJ92"": 4, ""SH-STAR"": 4}"
2026-06-22,5468,5510,5510,5510,5510,2026-06-18,2026-06-23,5507,5513,5501,2,0.000364,"002217,600777",0,0,11,0.002012,0,22,1,22,"{""SZ-MAIN"": 7, ""SH-MAIN"": 6, ""BJ92"": 4, ""SH-STAR"": 4}"
2026-06-23,5470,5513,5513,5513,5513,2026-06-22,2026-06-24,5510,5512,5502,0,0.000000,,0,0,6,0.001097,0,21,1,21,"{""SH-MAIN"": 7, ""SZ-MAIN"": 6, ""SH-STAR"": 5, ""BJ92"": 3}"
2026-06-24,5470,5512,5512,5512,5512,2026-06-23,2026-06-25,5513,5511,5508,0,0.000000,,0,0,8,0.001463,0,22,1,22,"{""SH-MAIN"": 8, ""SZ-MAIN"": 7, ""BJ92"": 4, ""SH-STAR"": 3}"
2026-06-25,5471,5511,5511,5511,5511,2026-06-24,2026-06-26,5512,5513,5508,2,0.000363,"002253,002289",0,0,9,0.001645,0,25,1,25,"{""SZ-MAIN"": 9, ""SH-MAIN"": 7, ""BJ92"": 6, ""SH-STAR"": 3}"
2026-06-26,5472,5513,5513,5513,5513,2026-06-25,2026-06-29,5511,5510,5502,1,0.000182,000972,0,0,9,0.001645,0,25,1,25,"{""SH-MAIN"": 7, ""BJ92"": 7, ""SZ-MAIN"": 6, ""SH-STAR"": 3}"
2026-06-29,5475,5510,5510,5510,5510,2026-06-26,2026-06-30,5513,5508,5502,2,0.000364,"300087,300290",0,0,14,0.002557,0,28,1,28,"{""SH-MAIN"": 9, ""BJ92"": 6, ""SZ-MAIN"": 5, ""SZ-GEM"": 5}"
2026-06-30,5476,5508,5508,5508,5508,2026-06-29,2026-07-01,5510,5511,5504,3,0.000545,"600892,603389,603580",0,0,14,0.002557,0,30,1,30,"{""SH-MAIN"": 15, ""BJ92"": 5, ""SZ-MAIN"": 4, ""SH-STAR"": 3}"
2026-07-01,5476,5511,5511,5511,5511,2026-06-30,2026-07-02,5508,5517,5508,3,0.000545,"000595,000656,603559",0,0,11,0.002009,0,27,1,27,"{""SH-MAIN"": 11, ""SZ-MAIN"": 6, ""BJ92"": 5, ""SZ-GEM"": 3}"
2026-07-02,5476,5517,5517,5517,5517,2026-07-01,2026-07-03,5511,5516,5510,0,0.000000,,0,0,7,0.001278,0,22,1,22,"{""SH-MAIN"": 9, ""BJ92"": 5, ""SZ-MAIN"": 3, ""SZ-GEM"": 3}"
2026-07-03,5476,5516,5516,5516,5516,2026-07-02,2026-07-06,5517,5517,5515,0,0.000000,,0,0,8,0.001461,0,23,1,23,"{""SH-MAIN"": 10, ""BJ92"": 5, ""SZ-MAIN"": 3, ""SZ-GEM"": 3}"
2026-07-06,5478,5517,5517,5517,5517,2026-07-03,2026-07-07,5516,5517,5513,0,0.000000,,0,0,7,0.001278,0,22,1,22,"{""SH-MAIN"": 10, ""BJ92"": 5, ""SZ-GEM"": 3, ""SH-STAR"": 2}"
2026-07-07,5478,5517,5517,5517,5517,2026-07-06,2026-07-08,5517,5518,5514,0,0.000000,,0,0,9,0.001643,0,18,1,18,"{""SH-MAIN"": 7, ""BJ92"": 5, ""SZ-GEM"": 3, ""SZ-MAIN"": 2}"
2026-07-08,5481,5518,5518,5518,5518,2026-07-07,2026-07-09,5517,5520,5515,0,0.000000,,0,0,9,0.001642,0,17,1,17,"{""SH-MAIN"": 7, ""BJ92"": 4, ""SZ-GEM"": 4, ""SZ-MAIN"": 1}"
2026-07-09,5482,5520,5520,5520,5520,2026-07-08,2026-07-10,5518,5521,5515,0,0.000000,,0,0,9,0.001642,0,15,1,15,"{""SH-MAIN"": 7, ""SZ-GEM"": 4, ""BJ92"": 2, ""SZ-MAIN"": 1}"
2026-07-10,5482,5521,5521,5521,5521,2026-07-09,2026-07-13,5520,5524,5517,0,0.000000,,0,0,9,0.001642,0,14,1,14,"{""SH-MAIN"": 6, ""SZ-GEM"": 4, ""SZ-MAIN"": 2, ""BJ92"": 1}"
2026-07-13,5482,5524,5524,5524,5524,2026-07-10,2026-07-14,5521,5524,5518,1,0.000181,002005,0,0,6,0.001094,0,11,1,11,"{""SH-MAIN"": 4, ""SZ-MAIN"": 3, ""SZ-GEM"": 3, ""BJ92"": 1}"
2026-07-14,5484,5524,5524,5524,5524,2026-07-13,2026-07-15,5524,5525,5522,1,0.000181,002759,0,0,4,0.000729,0,8,1,8,"{""SZ-MAIN"": 4, ""SZ-GEM"": 3, ""BJ92"": 1}"
2026-07-15,5485,5525,5525,5525,5525,2026-07-14,2026-07-16,5524,5524,5521,0,0.000000,,0,0,3,0.000547,0,7,1,7,"{""SZ-GEM"": 3, ""SZ-MAIN"": 3, ""BJ92"": 1}"
2026-07-16,5486,5524,5524,5524,5524,2026-07-15,2026-07-17,5525,5495,5492,0,0.000000,,0,0,5,0.000911,0,8,1,8,"{""SZ-MAIN"": 3, ""SH-STAR"": 2, ""SZ-GEM"": 2, ""BJ92"": 1}"
2026-07-17,5489,5495,5522,5522,5495,2026-07-16,2026-07-20,5524,5497,5496,2,0.000364,"002656,002713",0,27,6,0.001093,0,37,1,37,"{""SZ-MAIN"": 18, ""SZ-GEM"": 9, ""SH-MAIN"": 7, ""SH-STAR"": 2}"
2026-07-20,5489,5497,5524,5524,5497,2026-07-17,2026-07-21,5495,5497,5495,0,0.000000,,0,27,4,0.000729,0,43,1,43,"{""SZ-MAIN"": 16, ""SZ-GEM"": 10, ""SH-MAIN"": 7, ""BJ92"": 6}"
2026-07-21,5489,5497,5524,5524,5497,2026-07-20,2026-07-22,5497,5497,5496,0,0.000000,,0,27,4,0.000729,0,44,1,44,"{""SZ-MAIN"": 17, ""SZ-GEM"": 10, ""SH-MAIN"": 7, ""BJ92"": 6}"
2026-07-22,5491,5497,5524,5524,5497,2026-07-21,2026-07-23,5497,5497,5495,1,0.000182,002199,0,27,4,0.000728,0,45,1,45,"{""SZ-MAIN"": 18, ""SZ-GEM"": 9, ""SH-MAIN"": 7, ""BJ92"": 7}"
2026-07-23,5493,5497,5524,5524,5497,2026-07-22,2026-07-24,5497,5496,5494,0,0.000000,,0,27,4,0.000728,0,46,1,46,"{""SZ-MAIN"": 18, ""SZ-GEM"": 10, ""SH-MAIN"": 8, ""BJ92"": 7}"
2026-07-24,5493,5496,5523,5523,5496,2026-07-23,2026-07-27,5497,5491,5491,0,0.000000,,0,27,5,0.00091,0,47,1,47,"{""SZ-MAIN"": 18, ""SZ-GEM"": 11, ""SH-MAIN"": 8, ""BJ92"": 7}"
2026-07-27,5494,5491,5518,5518,5491,2026-07-24,2026-07-28,5496,5492,5492,1,0.000182,688089,0,27,10,0.00182,0,52,1,52,"{""SZ-MAIN"": 19, ""SZ-GEM"": 14, ""SH-MAIN"": 8, ""BJ92"": 7}"
2026-07-28,5495,5492,5519,5519,5492,2026-07-27,2026-07-29,5491,5491,5490,0,0.000000,,0,27,9,0.001638,0,52,1,52,"{""SZ-MAIN"": 17, ""SZ-GEM"": 15, ""SH-MAIN"": 8, ""BJ92"": 8}"
2026-07-29,5495,5491,5518,5518,5491,2026-07-28,2026-07-30,5492,5494,5489,1,0.000182,000820,0,27,10,0.00182,0,54,1,54,"{""SZ-MAIN"": 18, ""SZ-GEM"": 15, ""BJ92"": 9, ""SH-MAIN"": 8}"
2026-07-30,5496,5494,5521,5521,5494,2026-07-29,2026-07-31,5491,5496,5487,1,0.000182,000793,0,27,6,0.001092,0,51,1,51,"{""SZ-MAIN"": 17, ""SZ-GEM"": 14, ""BJ92"": 9, ""SH-MAIN"": 8}"
2026-07-31,5496,5496,5521,5521,5496,2026-07-30,2026-08-03,5494,5529,5490,2,0.000364,"600238,600439",0,25,6,0.001092,0,48,1,48,"{""SZ-MAIN"": 14, ""SZ-GEM"": 13, ""BJ92"": 9, ""SH-MAIN"": 9}"
2026-08-03,5498,5529,5529,5529,5529,2026-07-31,2026-08-04,5496,5529,5491,1,0.000182,600530,0,0,6,0.001091,0,16,1,16,"{""SZ-GEM"": 5, ""BJ92"": 5, ""SH-MAIN"": 3, ""SZ-MAIN"": 2}"
2026-08-04,5498,5529,5529,5529,5529,2026-08-03,2026-08-05,5529,5532,5529,2,0.000362,"002214,300311",0,0,7,0.001273,0,17,1,17,"{""SZ-GEM"": 6, ""BJ92"": 5, ""SH-STAR"": 2, ""SH-MAIN"": 2}"
2026-08-05,5498,5532,5532,5532,5532,2026-08-04,2026-08-06,5529,5533,5528,0,0.000000,,0,0,5,0.000909,0,16,1,16,"{""SZ-GEM"": 5, ""BJ92"": 5, ""SH-STAR"": 3, ""SH-MAIN"": 2}"
2026-08-06,5498,5533,5533,5533,5533,2026-08-05,2026-08-07,5532,5535,5532,1,0.000181,300125,0,0,5,0.000909,0,16,1,16,"{""SZ-GEM"": 7, ""BJ92"": 5, ""SH-STAR"": 3, ""SZ-MAIN"": 1}"
2026-08-07,5500,5535,5535,5535,5535,2026-08-06,2026-08-10,5533,5538,5533,0,0.000000,,0,0,4,0.000727,0,15,1,15,"{""BJ92"": 6, ""SZ-GEM"": 5, ""SH-STAR"": 3, ""SZ-MAIN"": 1}"
2026-08-10,5502,5538,5538,5538,5538,2026-08-07,2026-08-11,5535,5539,5533,0,0.000000,,0,0,1,0.000182,0,12,1,12,"{""BJ92"": 6, ""SZ-GEM"": 3, ""SH-STAR"": 3}"
2026-08-11,5502,5539,5539,5539,5539,2026-08-10,2026-08-12,5538,5539,5535,0,0.000000,,0,0,3,0.000545,0,11,1,11,"{""BJ92"": 5, ""SZ-GEM"": 2, ""SH-MAIN"": 2, ""SH-STAR"": 2}"
2026-08-12,5502,5539,5539,5539,5539,2026-08-11,2026-08-13,5539,5540,5538,1,0.000181,688646,0,0,4,0.000727,0,11,1,11,"{""BJ92"": 4, ""SH-STAR"": 3, ""SZ-GEM"": 2, ""SH-MAIN"": 2}"
2026-08-13,5502,5540,5540,5540,5540,2026-08-12,2026-08-14,5539,5540,5538,0,0.000000,,0,0,3,0.000545,0,9,1,9,"{""BJ92"": 3, ""SZ-GEM"": 2, ""SH-MAIN"": 2, ""SH-STAR"": 2}"
2026-08-14,5505,5540,5540,5540,5540,2026-08-13,2026-08-17,5540,5539,5538,0,0.000000,,0,0,3,0.000545,0,9,1,9,"{""BJ92"": 3, ""SZ-GEM"": 2, ""SH-MAIN"": 2, ""SH-STAR"": 2}"
2026-08-17,5505,5539,5539,5539,5539,2026-08-14,2026-08-18,5540,5540,5537,0,0.000000,,0,0,5,0.000908,0,10,1,10,"{""SZ-GEM"": 2, ""BJ92"": 2, ""SZ-MAIN"": 2, ""SH-MAIN"": 2}"
2026-08-18,5505,5540,5540,5540,5540,2026-08-17,2026-08-19,5539,5541,5537,0,0.000000,,0,0,5,0.000908,0,9,1,9,"{""SZ-MAIN"": 3, ""SZ-GEM"": 2, ""BJ92"": 2, ""SH-STAR"": 1}"
2026-08-19,5507,5541,5541,5541,5541,2026-08-18,2026-08-20,5540,5541,5538,0,0.000000,,0,0,6,0.00109,0,8,1,8,"{""SZ-GEM"": 3, ""SZ-MAIN"": 3, ""BJ92"": 1, ""SH-MAIN"": 1}"
2026-08-20,5507,5541,5541,5541,5541,2026-08-19,2026-08-21,5541,5543,5540,0,0.000000,,0,0,7,0.001271,0,8,1,8,"{""SZ-MAIN"": 4, ""SZ-GEM"": 2, ""BJ92"": 1, ""SH-MAIN"": 1}"
2026-08-21,5507,5543,5543,5543,5543,2026-08-20,2026-08-24,5541,5545,5539,0,0.000000,,0,0,6,0.00109,0,6,1,6,"{""SZ-MAIN"": 4, ""SZ-GEM"": 1, ""SH-MAIN"": 1}"
2026-08-24,5508,5545,5545,5545,5545,2026-08-21,2026-08-25,5543,5545,5540,1,0.000181,301117,0,0,4,0.000726,0,4,1,4,"{""SZ-MAIN"": 2, ""SH-MAIN"": 1, ""SZ-GEM"": 1}"
2026-08-25,5508,5545,5545,5545,5545,2026-08-24,2026-08-26,5545,5546,5544,2,0.000361,"600165,600525",0,0,4,0.000726,0,4,1,4,"{""SZ-MAIN"": 2, ""SH-MAIN"": 2}"
2026-08-26,5508,5546,5546,5546,5546,2026-08-25,2026-08-27,5545,5546,5543,0,0.000000,,0,0,3,0.000545,0,3,1,3,"{""SZ-MAIN"": 3}"
2026-08-27,5508,5546,5546,5546,5546,2026-08-26,2026-08-28,5546,5545,5543,1,0.000180,600491,0,0,3,0.000545,0,3,1,3,"{""SZ-MAIN"": 2, ""SH-MAIN"": 1}"
2026-08-28,5509,5545,5545,5545,5545,2026-08-27,2026-08-31,5546,5543,5541,2,0.000361,"000711,002586",0,0,4,0.000726,0,4,1,4,"{""SZ-MAIN"": 4}"
2026-08-31,,5543,5543,,,2026-08-28,2026-09-01,5545,5542,5539,0,0.000000,,0,0,,,,6,1,6,"{""SZ-GEM"": 2, ""SZ-MAIN"": 2, ""SH-STAR"": 1, ""SH-MAIN"": 1}"
2026-09-01,,5542,5542,,,2026-08-31,2026-09-02,5543,5542,5540,0,0.000000,,0,0,,,,7,1,7,"{""SZ-MAIN"": 3, ""SZ-GEM"": 2, ""SH-STAR"": 1, ""SH-MAIN"": 1}"
2026-09-02,,5542,5542,,,2026-09-01,2026-09-03,5542,5543,5542,1,0.000180,300472,0,0,,,,7,1,7,"{""SZ-GEM"": 3, ""SZ-MAIN"": 2, ""SH-STAR"": 1, ""SH-MAIN"": 1}"
2026-09-03,,5543,5543,,,2026-09-02,2026-09-04,5542,5541,5540,0,0.000000,,0,0,,,,6,1,6,"{""SZ-GEM"": 2, ""SZ-MAIN"": 2, ""SH-STAR"": 1, ""SH-MAIN"": 1}"
2026-09-04,,5541,5541,,,2026-09-03,2026-09-07,5543,5540,5539,0,0.000000,,0,0,,,,8,1,8,"{""SZ-MAIN"": 4, ""SZ-GEM"": 2, ""SH-STAR"": 1, ""SH-MAIN"": 1}"
2026-09-07,,5540,5540,,,2026-09-04,2026-09-08,5541,5540,5539,1,0.000181,002743,0,0,,,,9,1,9,"{""SZ-MAIN"": 5, ""SH-MAIN"": 2, ""SZ-GEM"": 1, ""SH-STAR"": 1}"
2026-09-08,,5540,5540,,,2026-09-07,2026-09-09,5540,5539,5538,0,0.000000,,0,0,,,,9,1,9,"{""SZ-MAIN"": 4, ""SH-STAR"": 2, ""SH-MAIN"": 2, ""SZ-GEM"": 1}"
2026-09-09,,5539,5539,,,2026-09-08,2026-09-10,5540,5537,5537,0,0.000000,,0,0,,,,10,1,10,"{""SZ-MAIN"": 4, ""SH-MAIN"": 3, ""SH-STAR"": 2, ""SZ-GEM"": 1}"
2026-09-10,,5537,5537,,,2026-09-09,2026-09-11,5539,5537,5536,0,0.000000,,0,0,,,,12,1,12,"{""SH-MAIN"": 4, ""SZ-MAIN"": 4, ""SZ-GEM"": 2, ""SH-STAR"": 2}"
2026-09-11,,5537,5537,,,2026-09-10,2026-09-14,5537,5537,5533,0,0.000000,,0,0,,,,12,1,12,"{""SH-MAIN"": 4, ""SH-STAR"": 3, ""SZ-MAIN"": 3, ""SZ-GEM"": 2}"
2026-09-14,,5537,5537,,,2026-09-11,2026-09-15,5537,5535,5530,0,0.000000,,0,0,,,,11,1,11,"{""SH-MAIN"": 5, ""SZ-MAIN"": 3, ""SH-STAR"": 2, ""SZ-GEM"": 1}"
2026-09-15,,5535,5535,,,2026-09-14,2026-09-16,5537,5535,5533,0,0.000000,,0,0,,,,12,1,12,"{""SH-MAIN"": 9, ""SZ-GEM"": 1, ""SH-STAR"": 1, ""SZ-MAIN"": 1}"
2026-09-16,,5535,5535,,,2026-09-15,2026-09-17,5535,5537,5535,0,0.000000,,0,0,,,,12,1,12,"{""SH-MAIN"": 9, ""SZ-GEM"": 1, ""SH-STAR"": 1, ""SZ-MAIN"": 1}"
2026-09-17,,5537,5537,,,2026-09-16,2026-09-18,5535,5537,5535,0,0.000000,,0,0,,,,10,1,10,"{""SH-MAIN"": 8, ""SH-STAR"": 1, ""SZ-MAIN"": 1}"
2026-09-18,,5537,5537,,,2026-09-17,2026-09-21,5537,5537,5535,0,0.000000,,0,0,,,,9,1,9,"{""SH-MAIN"": 8, ""SH-STAR"": 1}"
2026-09-21,,5537,5537,,,2026-09-18,2026-09-22,5537,5536,5534,0,0.000000,,0,0,,,,9,1,9,"{""SH-MAIN"": 6, ""SZ-GEM"": 2, ""SH-STAR"": 1}"
2026-09-22,,5536,5536,,,2026-09-21,2026-09-23,5537,5537,5536,0,0.000000,,0,0,,,,10,1,10,"{""SH-MAIN"": 6, ""SZ-GEM"": 2, ""SZ-MAIN"": 1, ""SH-STAR"": 1}"
2026-09-23,,5537,5537,,,2026-09-22,None,5536,0,0,0,,,0,0,,,,9,1,9,"{""SH-MAIN"": 5, ""SZ-GEM"": 2, ""SZ-MAIN"": 1, ""SH-STAR"": 1}"
[rc=0],,,,,,,,,,,,,,,,,,,,,,
